id;avgInc;incY1;incY2;incY3;incY4;incY5;pass
1;5149.46;2788.54;3381.73;4857.45;6365.33;6776.08;66.70
2;3928.09;2063.21;2641.95;3666.86;4294.05;0.00;18.20
3;3563.41;1194.96;2138.51;3349.25;3597.82;4401.85;56.00
4;7376.03;5806.29;6517.93;7100.49;7571.24;8627.98;5.90
6;4342.85;3470.81;2960.87;3781.89;5486.69;6933.40;60.00
8;4776.53;2200.63;3378.49;4379.31;5197.99;6469.15;63.60
9;3666.83;1725.71;2225.91;3340.86;4678.62;5635.32;35.00
10;8083.08;4752.04;5889.17;7566.41;9573.39;11285.86;42.90
11;6163.39;3447.59;4118.83;5530.77;7063.48;8604.66;60.70
12;5359.18;2793.70;3231.98;4832.44;6137.47;8225.82;36.40
13;10084.78;5742.51;7360.95;9888.36;13206.15;15037.29;5.60
14;6345.86;4119.05;5348.52;7476.47;0.00;0.00;64.30
15;6528.75;3690.17;4204.01;5075.80;6433.10;8106.35;41.20
16;5820.43;2829.63;3530.48;4474.92;6088.12;8360.37;66.70
17;8466.75;6027.17;7019.62;9022.55;8970.43;9555.32;0.00
18;3464.88;2459.41;3601.03;4465.43;0.00;0.00;42.90
19;3154.05;1988.90;2191.86;3725.44;3572.29;3502.49;28.60
20;4605.30;2303.37;3067.43;3888.73;4916.99;6253.05;52.20
21;3004.11;2029.58;2718.66;3151.18;3166.65;3524.49;33.30
25;3690.29;3291.74;0.00;0.00;0.00;0.00;23.70
28;5865.79;2417.56;3016.29;4955.20;6410.47;7447.85;68.40
29;4902.24;3104.48;2624.31;3749.43;5048.40;5664.81;84.60
30;6856.87;3745.21;5434.83;6311.34;8573.50;0.00;63.60
31;5576.48;4129.14;4623.85;4889.62;6053.63;7495.88;56.20
32;6284.71;4200.54;4742.41;5854.57;7159.68;7787.49;52.60
33;5436.83;2936.57;3572.04;4300.84;5063.45;7089.82;85.20
34;5020.29;2876.32;3410.63;4363.91;5269.12;6241.59;80.40
35;10285.68;7545.73;8661.01;11863.45;14985.03;16242.94;15.00
36;10775.33;6478.37;7876.52;10045.08;12577.94;15590.10;40.00
37;9158.80;6260.54;7410.05;8509.80;10510.94;10976.84;25.00
38;7056.90;3465.03;3895.76;5438.98;7220.71;9729.12;70.60
39;6126.66;4370.95;4460.04;6062.32;7330.98;7466.48;42.10
40;4643.41;3464.63;3458.25;4103.88;4837.96;6828.28;25.00
41;7384.43;6822.27;7479.86;0.00;0.00;0.00;46.90
43;6656.19;4829.49;6031.81;6029.27;7297.60;8951.45;0.00
44;6332.58;3198.98;3942.47;5187.29;6431.78;7995.51;55.60
45;6630.06;3133.19;3515.31;5042.00;6962.23;9224.61;65.90
46;6946.97;3943.19;4898.48;5882.46;7606.63;8773.42;42.20
47;5731.09;1528.22;3017.80;4145.50;5618.33;6994.51;84.60
48;6322.48;2563.35;3789.26;5580.92;7494.47;8894.65;65.00
49;6842.86;3589.10;5113.29;7250.97;7824.17;9223.97;0.00
50;7173.10;4728.28;5866.68;6796.16;8148.96;9267.08;0.00
51;9812.11;3148.26;5205.99;11387.01;12693.91;13819.18;0.00
52;4565.38;3226.83;4488.51;0.00;0.00;0.00;44.00
53;3424.26;2485.22;2947.18;3913.28;5628.75;5286.26;0.00
54;4826.46;1705.79;2624.87;3826.61;6289.09;7207.19;38.90
55;4716.60;2330.50;3398.10;3786.67;4968.46;5818.43;75.00
56;7049.27;4558.66;2723.57;5705.76;7022.75;0.00;66.70
57;3761.60;2765.39;3346.59;3147.20;4461.40;5750.49;0.00
58;4213.19;983.67;1721.79;3417.91;5170.05;0.00;87.50
59;4457.47;2913.38;2934.09;3194.02;4363.91;5769.65;76.50
60;6739.50;4170.32;5276.09;7293.12;7097.30;7509.32;73.90
61;5641.15;3188.20;4256.29;5503.16;6061.81;6985.81;71.40
62;5112.05;2922.74;4185.90;6779.77;6149.82;6695.02;22.00
63;4726.30;2121.30;1663.34;3333.71;5146.03;5745.72;52.60
64;3649.72;2687.37;3868.84;3297.11;4440.70;4847.63;33.30
65;4035.81;4661.25;0.00;0.00;0.00;0.00;0.00
66;3972.10;1654.12;1504.03;2632.34;4064.58;4789.19;54.50
67;5212.39;4529.32;0.00;0.00;0.00;0.00;10.00
70;2987.38;2166.98;2499.38;2775.74;3520.58;3827.68;45.80
71;6578.21;4643.04;4915.19;5999.97;7459.02;8864.45;31.80
72;7074.57;5465.21;6376.21;6295.21;7044.93;8577.53;21.40
73;5766.32;3883.00;4456.40;5094.84;6250.15;7449.23;57.10
74;3837.91;2160.77;2239.78;3287.95;4052.43;4735.46;60.00
75;4391.02;2137.38;2408.03;3511.25;4658.59;5439.30;72.90
76;4294.48;2269.52;2745.62;3502.21;4720.79;5537.46;40.30
77;4146.60;2271.17;3365.32;4095.51;4289.80;4902.95;52.90
81;3698.37;2326.97;2633.42;2733.63;3569.46;4470.84;46.70
82;2838.28;1835.43;3442.06;0.00;0.00;0.00;44.40
86;4873.91;4085.84;5256.42;5503.41;4709.79;6337.72;57.10
90;7018.32;5302.14;5488.15;6241.95;7165.39;8551.06;25.00
91;7764.62;5000.35;5884.34;7826.42;9667.35;11118.32;7.10
92;5509.06;3746.17;4541.70;5660.08;6931.37;7648.18;50.00
93;6931.55;3853.96;5466.12;6431.03;7836.85;9439.21;33.30
97;3989.33;2606.92;2464.07;3219.32;4009.72;5690.56;44.40
98;5601.63;2939.91;3509.99;5164.70;5598.88;6840.24;37.50
99;8968.19;6605.60;7041.49;8568.51;10098.85;11242.09;19.00
100;7160.33;5464.23;5718.30;6873.97;7853.24;8742.80;13.30
101;4873.91;4085.84;5256.42;5503.41;4709.79;6337.72;57.10
102;4994.23;1572.00;2344.75;3600.78;5402.94;6566.95;84.60
103;3215.71;1771.50;2210.18;2773.77;3707.34;4551.21;26.70
104;3977.77;2381.61;2679.70;3250.43;4103.93;5241.49;47.50
105;4899.48;3980.41;4661.44;5817.24;0.00;0.00;0.00
106;4400.56;2710.67;3291.80;3666.69;4865.47;5458.43;92.30
108;4820.08;3249.41;4101.21;5026.84;5568.92;6143.70;0.00
109;4767.24;3689.37;0.00;0.00;0.00;0.00;0.00
110;4442.57;2984.21;3592.01;4347.42;5201.11;5585.47;33.30
111;5798.19;4662.09;5207.13;5539.32;6086.29;7398.85;0.00
112;3785.79;1158.96;2710.28;2245.02;3980.03;5931.36;64.30
113;5783.92;2497.70;3304.27;4842.71;6608.17;8261.50;68.50
114;6096.40;3928.09;2981.98;3640.98;4865.96;8111.55;70.00
115;5627.63;3155.45;5352.81;6881.07;6818.07;9312.60;78.20
117;3579.53;3401.75;3961.48;5240.18;6424.71;0.00;50.00
118;6721.59;5218.57;5420.53;7206.45;8282.82;0.00;52.90
119;7615.60;5318.92;5194.63;6568.88;9971.47;0.00;68.20
120;5762.71;2582.48;4349.70;5294.15;6681.12;9114.48;75.60
121;5774.69;3083.20;3491.66;4133.66;5780.59;7672.12;56.70
122;4274.61;2696.17;3287.80;3541.57;4569.08;4920.71;63.20
123;7368.06;5946.31;8103.72;0.00;0.00;0.00;25.00
124;5794.19;3071.64;3408.02;4380.02;5874.90;7289.64;59.70
125;4700.99;4222.14;4880.26;0.00;0.00;0.00;40.50
126;5403.58;2446.78;3535.30;4695.07;5784.07;6778.06;61.00
127;6927.61;6698.13;0.00;0.00;0.00;0.00;0.00
128;6950.47;5232.36;4648.45;4982.56;7189.38;9271.12;50.00
129;5733.28;2611.00;3571.84;4517.42;6186.99;7997.10;62.50
130;5723.72;3010.33;3420.45;4678.46;6124.59;7372.99;55.90
133;4889.19;2266.69;2975.20;4225.05;5096.49;6165.88;64.00
134;3518.00;2256.06;2709.30;3626.81;4124.92;4714.95;37.50
135;4644.50;2189.14;2328.32;4057.97;5664.44;0.00;80.00
136;6505.76;2805.21;3204.00;3991.02;5844.78;6206.59;52.20
138;5350.21;4057.93;4297.32;4807.67;5652.78;6950.69;64.80
139;5865.82;3024.54;2837.85;4643.71;6069.75;8090.79;84.30
140;6187.28;3094.78;3508.55;4974.48;6751.85;8235.77;79.30
141;5231.64;0.00;5131.01;0.00;0.00;0.00;68.00
142;4669.80;4442.05;0.00;0.00;0.00;0.00;63.60
143;6606.23;1316.24;1939.66;6047.75;8252.15;9960.08;60.00
144;6529.27;2923.92;4759.05;6498.74;0.00;0.00;52.90
145;5990.78;4050.81;4986.36;6605.59;6872.96;7980.76;23.30
146;5466.60;2912.21;3667.59;4050.23;5715.96;7067.72;58.50
147;4753.01;2356.82;3749.97;0.00;0.00;0.00;40.00
148;8227.66;4539.45;6103.17;7236.04;10071.92;11295.47;55.90
149;5120.88;5070.72;4540.23;7309.60;6327.82;6543.54;41.70
150;13964.16;9794.96;10906.43;14130.43;16095.82;20175.11;48.70
151;5005.18;3685.29;3376.73;4104.18;5010.37;6583.72;54.50
152;5959.97;4393.14;4437.43;5667.38;6428.57;7480.28;63.30
153;4889.19;2266.69;2975.20;4225.05;5096.49;6165.88;64.00
154;5870.78;2513.07;3512.44;4764.78;6370.32;7460.18;74.10
156;4929.26;3545.24;5287.86;4104.10;5395.53;0.00;38.90
157;4368.16;1985.07;3127.98;3881.90;4456.01;5955.13;52.90
158;4949.61;2179.51;3509.60;4442.97;5868.91;0.00;65.50
159;5577.16;2678.07;4061.24;4402.58;5930.12;7364.16;47.20
160;3806.01;2202.44;3189.32;4482.01;0.00;0.00;35.70
161;4821.78;1793.68;2674.74;4433.68;5953.55;0.00;33.30
164;5293.62;3934.26;4260.66;5352.41;5876.92;6423.43;37.20
165;5402.36;1633.96;2177.30;4331.34;6931.77;7209.92;36.80
166;5664.81;3912.94;4018.20;5282.34;6083.08;6396.55;41.40
167;5101.33;2364.07;3045.18;4274.74;5279.86;6449.10;65.80
168;5857.99;2210.62;2914.31;4327.76;6018.14;7682.68;52.70
170;3435.06;2378.42;2600.53;2767.03;3768.48;4647.00;45.80
171;4099.95;2233.05;2583.14;3371.13;4228.39;6218.56;26.70
172;5023.26;3156.12;3616.65;4219.89;5112.13;6434.25;80.90
174;4580.07;2519.40;3283.72;3529.21;5661.87;6802.78;45.80
175;4638.36;1503.73;2870.18;3478.92;4518.57;5754.50;33.30
177;5959.97;4393.14;4437.43;5667.38;6428.57;7480.28;63.30
178;4687.44;4460.81;0.00;0.00;0.00;0.00;0.00
179;5736.11;3016.56;3717.56;4913.51;6238.83;7511.37;62.30
180;2973.73;3067.61;4464.65;0.00;0.00;0.00;50.00
181;4878.62;2592.19;3167.97;3893.47;4769.13;6176.72;66.70
183;5664.81;3912.94;4018.20;5282.34;6083.08;6396.55;41.40
184;6794.09;3705.65;4713.01;6105.09;7761.37;9285.14;62.40
185;6216.74;4880.19;7308.92;0.00;0.00;0.00;63.00
186;4094.08;1830.95;3262.33;3392.57;4097.65;5133.93;70.60
187;4338.19;2284.56;2494.22;3476.14;4426.75;5624.42;62.50
189;7159.96;3874.85;6651.73;6446.03;7670.98;9171.11;86.40
190;4723.40;2035.37;2737.51;3764.50;4933.06;5538.51;85.70
191;4733.85;1298.23;2484.59;4067.63;4716.17;5801.88;81.40
192;3698.69;1433.59;1818.86;3080.09;3874.59;4556.17;68.20
193;4792.70;1950.30;3578.00;4197.43;4817.43;6195.59;63.20
194;4999.24;1805.62;2752.72;4026.48;5165.39;6334.23;89.80
195;4934.60;1480.77;1919.77;3888.80;5012.67;7192.43;81.20
196;5521.60;3259.16;4214.69;4934.60;5936.46;7036.71;65.70
197;2523.75;1550.75;2376.67;2265.27;2471.43;3553.79;21.40
198;3973.07;2355.36;2848.14;3662.15;4203.46;5020.86;54.50
199;4279.28;2589.72;3051.02;3658.07;4447.13;4996.41;50.00
200;3148.21;1652.71;1931.70;2485.37;3382.52;4198.52;54.20
201;4200.18;1832.11;2394.67;3815.66;4456.10;5718.91;52.10
202;4259.48;1474.12;1523.55;3770.45;4598.14;5615.42;56.90
203;4258.26;4148.41;0.00;0.00;0.00;0.00;0.00
204;2729.07;2723.78;0.00;0.00;0.00;0.00;0.00
206;5167.63;1541.64;2502.23;4650.12;5256.24;0.00;66.70
208;4792.70;1950.30;3578.00;4197.43;4817.43;6195.59;63.20
209;4310.28;0.00;1659.38;2722.26;3969.64;5782.02;70.00
210;4979.96;2418.96;3326.89;4401.47;5809.45;0.00;71.40
211;4434.73;1831.23;2317.40;3097.57;4509.83;5959.16;84.10
212;4339.83;1635.78;2708.98;3146.69;4400.65;5997.73;54.50
213;5258.33;4167.63;4966.23;5212.79;5283.87;6964.91;62.50
214;3606.38;1671.75;1252.79;2720.81;3791.45;4819.61;72.70
215;4985.71;4504.58;0.00;0.00;0.00;0.00;0.00
216;4140.79;4031.84;3423.63;4508.77;6258.50;8734.75;13.00
217;3541.72;1360.21;2079.61;3273.46;3342.97;4451.20;60.00
218;4140.79;4031.84;3423.63;4508.77;6258.50;8734.75;13.00
219;6279.59;3454.71;4455.57;5330.48;7060.02;8734.65;28.40
220;4369.23;2271.97;2825.40;3452.22;4586.50;0.00;80.00
221;4530.88;2347.72;3881.80;4336.59;5715.24;6707.09;0.00
222;4455.81;1923.31;2662.19;3436.29;4710.78;5976.69;72.10
223;4249.10;1797.31;2515.33;3532.08;4306.58;5402.57;70.10
224;5138.22;3053.83;3373.25;4495.14;5497.70;6662.98;34.50
225;4856.54;3164.27;3163.57;3441.23;5169.62;7291.25;47.60
226;3837.85;1875.82;2347.82;2613.33;3666.97;4987.95;54.90
227;3845.15;2778.41;3135.26;3614.53;3985.68;4888.35;57.90
228;3110.61;3259.83;3945.38;0.00;0.00;0.00;28.60
229;4205.78;2283.07;2340.69;3373.84;4311.37;5019.66;71.40
230;5053.61;3017.40;3558.12;4545.67;5577.83;6515.14;37.50
231;4024.56;3826.66;0.00;0.00;0.00;0.00;0.00
233;5053.61;3017.40;3558.12;4545.67;5577.83;6515.14;37.50
234;5035.59;2900.83;4148.03;5296.13;5733.02;6735.97;44.80
235;5685.05;3240.65;3812.26;5275.44;7011.22;7642.36;55.40
236;5994.58;3418.23;4564.35;5752.44;6828.45;8347.56;26.40
238;3762.91;2287.48;2847.55;3326.31;3947.62;5133.66;40.70
239;4954.28;2635.23;2603.76;3875.35;4814.76;6220.36;78.00
240;4094.08;1830.95;3262.33;3392.57;4097.65;5133.93;70.60
241;4437.80;1764.80;3061.60;3509.62;4297.98;5631.94;61.30
242;4338.19;2284.56;2494.22;3476.14;4426.75;5624.42;62.50
243;3552.00;2923.39;0.00;0.00;0.00;0.00;0.00
245;2987.46;586.60;1373.62;2780.40;3177.38;3541.25;78.60
246;2650.57;1658.35;1881.41;2615.43;2998.15;3821.58;35.70
247;2758.49;2039.70;1877.63;2429.10;3242.70;3852.17;50.00
248;4792.70;1950.30;3578.00;4197.43;4817.43;6195.59;63.20
249;9958.82;2961.18;4910.27;11503.60;12241.09;14253.03;0.00
250;5080.56;2452.40;2955.99;3520.19;5368.35;6797.98;47.60
251;3958.37;2091.79;2244.96;4110.08;4724.47;0.00;70.00
252;4830.13;2218.61;2956.91;3560.40;5067.29;6083.90;83.10
253;4286.64;2552.11;3149.19;3630.60;4706.16;5499.07;44.40
254;0.00;0.00;0.00;0.00;0.00;0.00;0.00
255;6357.61;2298.48;3923.06;5078.42;7719.34;9446.86;34.30
256;4286.64;2552.11;3149.19;3630.60;4706.16;5499.07;44.40
257;4737.11;2417.99;2860.74;3487.92;4883.02;6175.63;67.90
258;3579.48;1493.67;2735.79;3424.76;4897.83;0.00;37.50
264;4107.94;2878.63;2389.27;2861.53;3901.09;5493.34;50.00
269;3985.30;1398.58;1916.81;2815.01;3916.08;4951.81;57.90
270;4966.15;2561.00;3728.49;5310.20;0.00;0.00;41.70
272;3994.24;2383.50;3252.00;3676.01;5143.79;5217.60;70.60
273;4189.84;2102.59;2599.13;3369.70;4323.04;5678.84;56.20
274;4413.90;1693.74;2240.00;2829.05;4458.61;5781.45;60.60
276;4180.74;0.00;0.00;2824.46;3351.23;5038.04;80.00
277;3303.05;3148.32;0.00;0.00;0.00;0.00;0.00
280;3740.74;1528.55;2192.85;2985.58;3896.45;4935.58;56.90
281;4197.68;2272.46;2681.97;3161.90;4488.50;5410.64;76.10
282;4189.38;3161.29;3478.33;0.00;0.00;0.00;94.10
283;4499.03;2851.42;3257.03;3989.92;4859.40;6005.94;40.30
285;4473.32;3023.46;3989.37;0.00;0.00;0.00;41.20
286;3414.22;2662.47;2633.30;4012.64;0.00;0.00;63.60
287;7097.50;5799.11;7017.86;7908.21;0.00;0.00;38.90
288;4235.80;3437.92;4918.22;0.00;0.00;0.00;60.00
289;4072.96;3549.09;5034.81;0.00;0.00;0.00;72.70
290;4610.88;4074.74;4712.59;0.00;0.00;0.00;63.00
291;3805.94;2827.91;4149.22;0.00;0.00;0.00;16.20
292;4953.82;4628.30;5520.83;0.00;0.00;0.00;5.00
294;4190.18;3704.85;0.00;0.00;0.00;0.00;10.50
295;8075.02;6584.84;7533.84;8850.31;0.00;0.00;20.60
296;5908.93;4573.13;4909.33;0.00;0.00;0.00;50.00
297;4894.51;2801.19;4446.43;0.00;0.00;0.00;39.10
298;4862.77;2988.67;4922.39;0.00;0.00;0.00;45.00
300;4173.08;2794.52;4134.14;0.00;0.00;0.00;72.70
301;4862.77;2988.67;4922.39;0.00;0.00;0.00;45.00
303;4929.34;3747.04;4680.28;0.00;0.00;0.00;50.00
305;7805.64;6783.41;7940.54;8984.61;0.00;0.00;20.00
306;5825.27;4240.09;5905.08;0.00;0.00;0.00;62.50
307;7517.62;6645.70;8868.81;0.00;0.00;0.00;21.70
308;7262.81;5680.65;7794.10;0.00;0.00;0.00;6.50
309;5273.54;3874.65;4969.36;6039.83;0.00;0.00;47.10
310;3526.57;3035.18;4123.94;0.00;0.00;0.00;48.80
311;4679.68;3481.40;4473.06;0.00;0.00;0.00;45.50
335;8387.73;8190.24;0.00;0.00;0.00;0.00;0.00
338;6703.94;6626.08;0.00;0.00;0.00;0.00;0.00
340;3865.51;2061.96;3906.29;4366.70;0.00;0.00;41.20
341;5908.08;4462.04;5143.38;5247.90;6521.65;7921.14;25.00
343;4451.90;2240.38;2862.06;3491.22;4500.36;5567.27;64.60
344;5698.66;2435.89;2102.69;4153.00;5793.35;7414.68;65.20
345;4057.65;3016.89;3462.45;3647.14;4162.36;5791.02;61.10
346;3981.50;1804.37;2712.51;3308.02;4053.48;5345.43;55.60
347;3597.17;2172.79;2267.75;3462.06;3871.67;5545.76;50.00
348;3825.82;3210.21;3522.49;3910.91;4381.12;4354.63;93.30
349;4152.63;1427.84;1914.28;3356.20;4222.23;5442.95;60.90
350;4422.90;1743.71;2683.70;3339.22;4844.37;5695.34;55.30
351;3600.61;1817.44;2106.55;2815.76;3813.53;4634.03;65.50
352;4097.52;2152.21;2651.06;3598.18;4362.98;5342.49;36.70
353;4022.55;2575.69;3460.58;0.00;0.00;0.00;77.10
354;3967.41;3470.69;4148.05;0.00;0.00;0.00;20.00
355;3360.72;0.00;2317.82;4294.88;0.00;0.00;25.00
356;3063.58;2571.88;3021.55;2852.32;2946.71;3491.63;45.00
357;3410.00;1250.56;2204.29;2704.00;3471.63;4850.06;53.80
358;4057.65;3016.89;3462.45;3647.14;4162.36;5791.02;61.10
359;4013.34;1621.93;2447.95;3253.43;3956.50;5580.31;88.20
360;4610.98;2530.80;2740.08;3691.00;4856.75;6281.25;64.50
361;4057.65;3016.89;3462.45;3647.14;4162.36;5791.02;61.10
362;4725.31;1484.63;2873.23;4034.36;5342.37;6745.34;55.00
363;4525.11;2288.06;2835.62;3625.89;4859.01;5876.11;53.30
364;4267.73;2031.63;1768.01;3549.08;4704.54;0.00;80.00
366;3826.99;1878.18;1078.38;2954.08;3928.15;5285.35;90.00
368;4615.21;1822.51;2711.13;4285.77;5388.31;0.00;55.60
369;7500.54;4522.27;5894.93;7273.35;9473.88;10714.70;35.50
370;8326.56;4431.41;5842.12;7983.30;9276.77;12092.33;30.30
371;5766.60;2575.13;3641.77;4836.66;6423.93;7984.25;58.30
372;5262.65;2137.24;2100.45;3881.81;5428.35;6834.46;63.60
373;5216.79;3289.02;3072.86;3590.20;5571.87;7186.10;67.70
374;6218.65;3288.57;3641.86;5121.54;6851.78;7966.69;55.60
376;4746.47;3267.48;3562.00;4519.09;4987.38;5726.09;33.30
377;3991.22;2549.26;3142.40;3855.85;4448.19;0.00;42.90
378;4624.42;2996.15;3834.25;4685.92;5528.80;6442.92;52.90
379;5862.69;3306.93;3649.41;5393.85;7198.69;7285.85;41.20
380;6112.62;4208.07;4824.36;5865.39;7228.56;7955.09;16.70
383;4357.32;2089.62;2630.93;3609.32;4636.47;5887.55;65.70
384;3868.83;1987.06;2828.72;3258.40;3930.72;5302.72;46.70
385;3460.36;2060.29;2645.21;3076.86;3976.25;4758.02;54.30
386;4788.60;2919.82;3800.24;4690.51;5593.46;6680.33;0.00
387;4187.53;1844.01;2854.86;3823.14;4420.47;4984.24;36.40
388;4544.66;2573.61;3068.52;4335.34;5214.41;6259.12;48.70
389;4514.63;3227.08;3585.73;4012.06;5152.22;5721.73;40.00
390;4786.27;2861.41;3628.72;4475.26;5551.79;6742.52;0.00
391;4566.15;2462.89;3260.30;3648.48;4920.21;6287.83;63.00
392;3462.08;1475.96;1549.82;2468.40;3187.35;4475.30;80.00
393;3500.93;1471.68;1901.78;3063.55;3170.92;4299.18;61.50
394;3083.54;1064.38;1700.81;2703.71;3652.06;3499.62;50.00
396;4018.70;1855.66;2689.39;3350.27;4857.85;6654.17;0.00
397;2482.28;1890.92;3280.42;3248.37;0.00;0.00;0.00
399;2884.18;1875.35;2005.97;1841.89;3558.35;4006.80;40.00
400;3787.26;2102.78;2708.41;3175.87;3894.43;4560.85;58.80
401;4729.00;2393.60;3090.33;4089.90;5255.83;6968.07;0.00
402;6552.70;3291.82;4579.32;6242.17;8126.79;9573.81;50.00
403;5015.04;3025.26;3166.78;4948.57;6270.81;0.00;70.80
404;4310.09;3465.81;3949.61;3922.67;4272.59;5351.22;23.80
405;3580.98;2121.21;2714.25;3309.16;3645.26;4453.10;60.00
407;3283.17;2407.38;2685.98;3483.70;3513.62;4716.45;8.30
408;3326.03;1789.75;4510.23;4193.18;0.00;0.00;57.10
409;4224.90;2723.25;3355.55;3919.18;4763.03;6002.26;54.40
410;4498.81;1547.35;3212.10;3391.37;5180.06;5642.00;30.80
411;3245.85;1673.60;1971.24;2702.74;3653.72;4576.59;60.00
412;3860.31;1938.23;2133.73;3148.39;4142.37;5527.90;80.00
413;6299.82;5401.07;5480.72;6415.73;6522.41;7316.92;45.50
415;4037.08;1889.32;2135.74;2668.80;3644.14;5300.13;73.70
417;6299.82;5401.07;5480.72;6415.73;6522.41;7316.92;45.50
418;4491.73;1848.35;2508.92;4212.62;5238.71;7629.03;80.00
419;3361.95;1396.59;1148.68;2330.40;3394.10;5137.79;80.00
421;3447.21;2286.31;2692.48;3626.62;4668.94;4910.93;33.30
422;3652.31;1964.40;2631.68;2969.81;4004.10;4846.86;52.10
423;3876.39;2283.87;3085.76;3631.30;4277.53;5107.65;0.00
425;3258.26;1560.30;1928.68;2322.47;3883.26;4207.20;40.50
426;3710.33;3228.67;3925.37;0.00;0.00;0.00;52.60
427;4166.99;3679.28;4111.93;0.00;0.00;0.00;48.50
428;5230.29;4833.42;0.00;0.00;0.00;0.00;10.00
429;3334.14;3095.24;3775.44;0.00;0.00;0.00;5.00
430;4715.85;3912.58;5508.58;0.00;0.00;0.00;18.80
431;4290.15;1514.85;1798.28;3190.22;4721.39;5801.65;70.00
432;3134.67;2488.06;2267.65;0.00;0.00;0.00;31.20
434;6299.82;5401.07;5480.72;6415.73;6522.41;7316.92;45.50
435;3354.73;1646.42;2539.36;2502.09;2953.79;4686.94;25.00
436;4140.14;1614.56;2182.59;3276.05;3929.26;5779.15;80.00
437;3969.76;1510.36;2848.96;4120.80;4819.27;5675.27;66.70
438;4101.87;1421.22;2631.67;3349.81;4985.55;5907.06;41.70
440;4758.07;3328.75;4115.92;3420.10;4952.84;0.00;60.00
441;2689.53;2598.59;0.00;0.00;0.00;0.00;0.00
442;4042.30;2718.41;2094.01;4299.90;4317.25;0.00;72.20
443;3713.91;1880.62;2914.51;3027.94;4333.74;4965.81;67.50
444;3101.68;1694.07;2041.31;2699.35;3420.33;4040.97;42.10
445;4413.89;3035.11;3888.05;4634.73;5260.78;0.00;50.00
446;3701.20;1903.07;2321.94;3034.75;3608.75;4465.13;57.40
447;3974.01;3470.92;3638.47;4060.00;4488.91;4691.75;48.40
448;4144.41;1413.39;2575.26;3117.11;4253.74;5283.12;45.50
449;3493.21;1868.92;2402.91;2931.57;3490.31;4432.14;68.40
451;3578.25;2041.94;2616.42;3362.99;3695.99;4715.34;56.00
452;3843.40;1906.75;3061.90;3215.19;4536.67;5397.20;40.00
453;2642.15;1380.00;2418.81;2313.82;2950.04;4036.27;0.00
454;3635.32;2376.91;2891.95;2702.35;3433.11;4438.32;50.00
455;6299.82;5401.07;5480.72;6415.73;6522.41;7316.92;45.50
456;4320.86;3099.35;3242.30;4084.53;4899.19;5968.70;0.00
457;5343.89;3722.64;4307.18;5935.58;6322.47;0.00;20.00
458;4900.50;3111.56;3654.90;5016.13;0.00;0.00;76.10
459;4033.35;2031.96;2536.70;3420.90;4219.39;5161.62;69.10
460;2877.81;1392.95;1695.45;2045.07;2652.17;3608.41;65.50
461;3524.24;1942.55;2278.44;2944.04;3579.40;4090.16;88.20
462;3665.88;1471.21;1888.11;2912.41;3699.67;4531.79;85.00
463;4663.12;2615.71;3069.07;3915.75;5044.86;0.00;58.30
464;3706.17;1621.97;2360.13;3410.22;3585.09;4447.01;83.30
465;4024.44;3088.31;2661.68;4040.29;3967.34;5586.13;62.50
466;3509.67;1366.46;1608.80;2933.90;3595.52;4442.55;82.10
467;3625.56;1477.85;2068.77;2965.16;3909.93;4987.84;72.30
468;3693.10;2213.25;2480.84;2977.40;3775.78;4892.10;74.50
470;4246.03;2073.40;2232.65;3455.78;4278.22;5325.83;83.30
471;2990.28;1216.48;1718.12;2477.06;3424.46;3876.58;86.40
472;4582.05;3178.28;3256.91;0.00;0.00;0.00;45.50
473;4024.44;3088.31;2661.68;4040.29;3967.34;5586.13;62.50
474;4314.31;1490.43;2210.70;3498.36;4603.21;5209.46;91.40
475;2891.05;1338.69;1420.02;2448.15;3612.53;3926.37;68.20
476;2533.74;1940.59;1914.37;2782.01;3246.28;0.00;53.30
477;4594.55;2158.08;2369.39;3416.19;4686.68;6083.32;86.50
478;4143.36;3028.31;2981.64;3733.99;4636.06;0.00;54.50
479;3524.18;1978.43;2319.66;3066.76;3660.33;4399.50;61.80
480;4024.44;3088.31;2661.68;4040.29;3967.34;5586.13;62.50
481;4570.81;1781.29;2846.41;4685.98;5652.25;0.00;57.10
482;5245.33;1783.39;3803.44;5204.21;6138.90;0.00;80.60
483;4440.49;1721.02;1539.23;3236.92;4577.27;5185.34;82.10
484;4537.37;1425.07;2292.44;3419.61;4505.50;5649.65;78.60
485;4995.22;3230.67;4229.39;4598.35;5182.07;6982.99;35.70
486;5130.62;2202.74;2614.84;4239.15;5187.45;6292.51;83.30
487;4121.90;2711.06;5099.45;0.00;0.00;0.00;7.70
488;3438.04;3177.48;2625.17;3776.51;4700.03;5862.31;10.00
489;5048.87;2222.86;2613.50;4317.84;5345.71;6104.05;85.20
490;3897.97;1507.39;2163.39;3278.10;4760.58;0.00;75.40
491;3926.53;1692.04;2420.01;3337.91;3832.76;5034.34;59.60
492;6049.76;2835.05;3706.09;5002.27;6692.33;7627.61;70.00
493;4005.93;3273.79;3631.46;3514.29;3983.91;5406.87;0.00
494;3970.92;3115.88;3018.62;3580.26;4648.52;5427.46;10.50
495;5259.07;2256.49;3493.52;4611.38;5896.33;7164.55;57.50
496;4981.48;3273.42;3818.18;4770.96;5748.97;0.00;57.90
497;4859.01;2255.56;3020.88;3958.18;4957.84;6343.84;69.40
499;5321.33;1817.07;3016.84;4138.46;5757.08;7169.31;72.70
500;4628.13;2050.38;2843.65;3553.58;4130.41;5749.31;60.00
501;4487.19;2180.69;2490.71;3701.53;4855.46;5738.19;77.50
502;4679.96;1894.33;3065.41;3882.68;4648.84;5799.01;68.40
503;4578.23;2753.23;2404.85;3872.13;4740.51;5531.03;62.20
504;5013.41;2324.15;2828.78;4002.37;5048.65;6508.08;71.20
505;4781.29;1397.09;2389.66;3677.15;5305.45;6409.75;60.70
506;4781.29;1397.09;2389.66;3677.15;5305.45;6409.75;60.70
507;4970.61;3104.77;3344.30;4519.97;5479.24;6666.47;64.00
508;4565.08;2341.92;3121.51;3863.31;4966.41;6064.54;65.90
509;4627.30;2224.51;2914.04;4007.21;4836.41;5964.46;84.70
510;6361.48;2301.87;3243.59;5119.07;7294.59;8042.32;73.30
511;3949.83;1671.27;2393.11;3207.61;4601.56;0.00;60.90
512;4768.84;2660.13;4274.25;5124.47;6178.09;6315.41;0.00
513;5957.08;3746.00;4232.37;6234.02;7571.82;7738.21;23.10
514;5384.04;3107.93;3697.69;4409.89;5701.56;6621.97;61.80
515;3923.88;2321.31;2522.04;3290.68;3974.63;4888.21;54.50
516;4353.34;1963.69;2551.25;3635.93;4686.42;5396.73;70.60
517;4460.44;1869.25;3177.81;3722.33;4801.13;6361.53;54.50
518;5260.85;2251.02;3328.71;4443.93;5286.45;7053.16;35.70
519;3835.67;1690.53;1748.90;3127.54;4037.22;4935.77;69.40
520;5159.42;2629.10;3568.64;5658.85;0.00;0.00;83.30
521;4735.44;1879.84;2511.90;4002.63;4951.26;5758.03;78.10
522;3792.84;1739.30;2302.84;3307.83;4022.36;4799.31;84.00
523;3934.27;598.73;2099.47;3755.24;5644.96;6567.97;87.90
524;4530.76;1140.83;2113.93;3813.50;5009.91;5994.94;85.90
525;5058.14;1882.73;2626.22;3605.52;5395.24;6673.18;40.00
526;6513.93;4022.84;6209.46;0.00;0.00;0.00;21.10
527;4378.80;2790.67;2485.16;4025.14;5797.26;7366.38;47.60
528;5339.40;2594.38;2651.68;4070.37;5458.16;7309.87;75.00
529;6361.48;2301.87;3243.59;5119.07;7294.59;8042.32;73.30
530;2891.74;1335.55;1843.78;1810.91;2884.91;4003.97;61.90
531;3362.76;1356.60;1967.54;2516.81;3288.78;4200.71;65.70
532;3939.99;2675.40;3544.38;3119.00;3983.59;4782.50;48.10
533;3633.98;1775.74;2283.27;2912.15;3837.19;4533.94;48.60
534;4342.01;2059.43;2624.29;3118.75;4361.84;5656.78;52.10
535;4342.01;2059.43;2624.29;3118.75;4361.84;5656.78;52.10
536;2856.05;1707.07;2189.10;2140.49;2603.31;3564.95;44.00
538;4485.24;3050.24;3679.93;4768.18;0.00;0.00;61.10
539;3695.65;1887.75;2607.93;3214.11;3580.78;4416.38;39.50
540;4079.40;1786.64;2965.14;3419.24;4062.76;4828.28;68.80
542;4443.99;1203.34;2185.63;3181.78;4684.63;0.00;38.50
543;3686.13;1863.60;2121.70;3118.47;3979.84;4498.25;83.30
544;4123.25;1887.13;3044.80;4030.15;4747.58;0.00;42.50
545;3573.40;1337.29;2105.81;2922.92;3495.57;4248.63;63.80
546;2820.93;1183.86;2864.35;0.00;0.00;0.00;73.30
547;3743.81;1656.04;2613.42;3782.51;5234.60;6096.99;0.00
548;2627.99;1633.11;2930.95;2804.88;0.00;0.00;30.00
549;3317.34;1684.90;1832.51;2553.34;3075.85;4055.43;57.50
550;4571.42;1989.10;2829.22;4567.64;0.00;0.00;85.20
551;4124.23;1710.16;2085.98;3194.25;3963.92;4969.47;80.90
552;2689.70;1467.18;1754.35;2060.57;2573.74;3524.55;48.60
554;3430.97;2375.09;2264.25;2437.02;3148.10;4086.85;55.20
555;3672.23;1671.57;2177.60;2970.30;3990.72;4796.06;79.20
556;2874.65;1257.90;1552.52;2038.82;3011.39;3723.13;66.30
557;3898.83;2346.10;2663.50;3450.75;4360.80;5223.73;0.00
558;3462.73;1600.34;1825.61;2917.19;3456.56;4079.06;58.70
559;2803.68;1083.97;1454.61;2470.01;2858.05;3861.70;60.90
560;2704.14;1125.24;1974.31;2184.29;3049.20;3359.99;62.50
561;2643.35;2184.27;0.00;0.00;0.00;0.00;0.00
562;1834.11;2442.80;0.00;0.00;0.00;0.00;57.10
563;2635.75;3004.33;0.00;0.00;0.00;0.00;40.00
564;3402.11;2585.55;3340.52;0.00;0.00;0.00;66.70
565;3778.63;1369.79;1590.32;2450.01;3775.54;4394.26;81.10
566;3271.89;2041.92;1908.74;2776.94;3664.89;3801.12;55.60
609;3569.97;2782.60;2576.90;0.00;0.00;0.00;71.40
611;5570.90;2898.07;4498.33;4912.48;6914.60;7655.22;16.10
612;5185.11;3393.15;4303.64;4692.42;5932.60;7561.97;71.40
613;3970.56;1678.19;2687.78;3336.51;4400.51;5518.11;73.40
614;4448.80;2150.44;2922.93;3707.94;4776.17;5339.69;21.40
615;3838.68;2186.99;3050.33;3379.74;4259.59;5371.44;48.00
616;3819.83;1454.48;2803.92;3995.09;4640.95;4538.89;41.70
618;4983.85;1852.90;3406.02;4549.14;7354.45;6044.41;46.70
619;4117.82;1573.38;2419.70;3459.18;4354.76;5590.09;68.30
620;2960.05;2859.79;0.00;0.00;0.00;0.00;0.00
621;6108.38;6844.05;5752.16;0.00;0.00;0.00;41.70
622;3935.00;1638.01;3455.41;4874.92;0.00;0.00;61.50
623;5712.03;3803.05;3704.81;4666.01;6428.82;6843.90;74.10
625;2690.82;2566.14;2996.52;0.00;0.00;0.00;16.70
626;4728.38;2965.20;4061.47;4108.66;5395.75;0.00;36.40
627;2520.89;1501.78;1917.63;2620.15;0.00;0.00;6.70
628;3936.49;3595.60;2891.29;0.00;0.00;0.00;18.20
629;4021.49;2784.68;3532.80;0.00;0.00;0.00;56.20
630;7588.92;7247.28;0.00;0.00;0.00;0.00;0.00
631;4263.19;2538.05;2736.05;3021.43;4050.73;5430.24;80.00
632;3853.87;1894.37;2549.11;3255.15;3834.23;5312.46;61.80
633;4059.08;0.00;0.00;0.00;3236.35;5091.39;50.00
634;3575.22;2007.72;3773.37;0.00;0.00;0.00;52.90
635;4369.47;3395.35;3184.19;3907.24;4986.56;5592.57;66.70
636;3964.49;3936.83;5345.85;4591.70;0.00;0.00;53.80
637;2953.82;2288.84;3382.03;2880.83;3181.43;3738.47;33.30
638;0.00;0.00;0.00;0.00;0.00;0.00;0.00
639;4167.14;2382.57;2836.06;3580.34;4438.92;5260.24;80.10
640;3833.28;2511.72;2515.43;3108.89;4156.57;4936.49;33.30
641;3788.90;2462.90;3293.35;3276.87;4265.38;5042.65;0.00
642;3840.97;2603.52;4107.65;0.00;0.00;0.00;40.00
643;4369.47;3395.35;3184.19;3907.24;4986.56;5592.57;66.70
644;3933.51;2020.79;2922.70;3758.82;4371.86;5451.18;75.00
645;4089.49;1771.74;2928.57;3386.37;4272.75;5364.75;71.40
646;5045.28;3779.83;4625.03;0.00;0.00;0.00;57.10
647;4348.93;2393.82;3196.39;3915.90;5055.52;6471.56;0.00
648;3574.17;2460.57;2484.59;3362.19;3715.62;3530.45;63.60
649;3091.44;1148.41;2339.57;3095.78;3492.41;4536.20;38.50
650;4171.73;1642.80;3452.08;4127.98;4636.85;5570.13;84.20
651;4724.12;1859.37;2589.06;3496.11;5095.06;5777.37;81.20
652;6457.90;4700.97;5087.97;5091.07;6437.53;8286.94;37.90
654;2953.82;2288.84;3382.03;2880.83;3181.43;3738.47;33.30
656;3091.44;1148.41;2339.57;3095.78;3492.41;4536.20;38.50
658;5647.77;2779.63;3955.10;5515.63;5892.75;7741.58;0.00
659;3595.80;1431.32;2693.12;2905.28;3823.65;4393.94;81.80
661;6860.14;4094.01;4151.62;5784.90;8763.47;9080.38;42.90
664;7866.76;4407.37;5196.14;6558.79;8081.89;9586.47;34.80
666;2901.77;2346.81;2974.27;0.00;0.00;0.00;53.60
668;3447.10;2683.14;5134.77;0.00;0.00;0.00;70.80
670;3771.25;2028.14;1573.07;2950.55;3893.38;4985.21;66.70
671;3225.22;3558.85;4021.33;0.00;0.00;0.00;18.20
672;3225.22;3558.85;4021.33;0.00;0.00;0.00;18.20
673;3771.25;2028.14;1573.07;2950.55;3893.38;4985.21;66.70
674;3743.40;0.00;2915.04;0.00;0.00;0.00;7.70
676;3884.27;1476.47;2692.81;3692.29;4358.95;4564.08;55.30
677;4834.96;3819.98;5069.86;0.00;0.00;0.00;30.60
678;3008.75;2900.53;0.00;0.00;0.00;0.00;0.00
680;4822.85;1564.45;1891.45;4022.03;5760.09;6319.49;88.40
681;6276.63;4344.29;5549.95;7337.39;9014.91;9229.07;30.00
682;5310.67;2152.14;3644.37;4287.05;5117.65;7042.70;39.10
683;5862.52;3401.48;4902.65;6113.23;0.00;0.00;72.20
684;5712.54;2435.98;3110.93;4628.15;6252.97;7467.92;66.20
685;5013.30;2197.21;2802.07;3877.81;5182.21;6250.58;86.70
686;4479.23;1669.19;2117.40;3810.71;4961.36;6035.61;65.20
687;5644.46;4507.53;5943.95;6072.17;0.00;0.00;25.00
689;3952.50;2259.51;2469.70;3297.88;4440.62;5444.74;51.20
690;3714.31;1915.70;2427.90;2757.52;3777.84;5528.07;53.30
691;4320.72;271.98;2266.33;3347.93;5125.58;0.00;70.60
692;5366.93;4477.29;4459.22;4935.03;5388.64;6880.93;27.80
693;4042.13;1014.82;2016.22;3395.79;4056.56;4967.88;91.70
694;4411.98;2315.86;2849.43;3429.08;4333.62;5605.91;53.30
695;5119.35;2005.73;2712.35;3503.09;4808.44;6622.98;78.40
696;4261.48;1605.82;2142.55;3325.89;4206.11;5302.02;71.10
697;4805.09;2147.62;2949.71;4340.39;5973.50;7238.73;57.40
698;4162.80;2603.82;3214.04;3390.98;4431.03;6014.18;0.00
699;6091.28;3754.70;4812.16;6453.07;6938.31;7026.69;86.90
700;6055.25;3365.76;4777.13;5565.60;6634.61;7412.63;81.20
701;6125.94;4079.42;5483.34;5538.94;6048.71;7675.27;35.70
702;3416.95;2364.38;2976.81;3682.41;0.00;0.00;64.70
703;3125.71;574.62;0.00;0.00;0.00;0.00;73.30
708;4748.76;1040.16;2436.44;3685.69;4561.25;5460.75;64.70
709;2312.21;1761.90;1828.57;0.00;0.00;0.00;57.90
710;3103.36;2307.60;3419.35;4108.71;0.00;0.00;72.70
711;3404.46;1490.03;1716.81;2955.08;3995.83;4521.45;87.50
712;3475.32;1159.86;1011.00;2941.98;3693.26;4503.77;73.30
713;4834.37;2185.12;2608.39;3479.36;4444.34;5921.27;62.50
714;4753.86;1782.63;2534.81;3225.06;4617.79;5985.09;75.60
715;3859.02;1127.69;2460.07;3281.84;4272.15;4790.84;71.40
716;3980.17;1417.46;1825.15;3460.68;4585.49;5162.54;96.80
718;4802.40;2362.33;3391.08;3612.49;4894.36;6319.80;83.30
719;4176.85;1702.27;2191.57;3389.81;3965.09;5051.25;64.50
721;4066.92;2166.93;2630.07;3054.18;4329.90;5906.52;44.10
723;4653.49;2365.66;3080.30;4131.43;5486.08;0.00;65.10
724;3661.76;1475.88;1918.04;3019.02;3713.89;4395.19;59.60
725;4173.01;1771.53;2375.60;3022.94;4105.29;5316.78;82.10
726;4801.16;2768.48;3577.47;4643.25;5455.90;6389.78;0.00
727;4834.37;2185.12;2608.39;3479.36;4444.34;5921.27;62.50
728;4157.73;2042.77;3675.32;3559.88;4081.15;4896.69;67.70
729;4356.74;1839.25;2706.20;3689.08;4346.36;5487.65;66.10
730;4834.37;2185.12;2608.39;3479.36;4444.34;5921.27;62.50
731;4052.41;1865.80;3130.20;3986.02;4696.56;0.00;37.50
732;4462.33;1747.33;2330.93;3421.97;5067.64;6109.05;69.20
734;3873.47;2499.25;3138.93;3639.16;4164.56;4730.31;69.20
736;3352.91;2282.84;2659.19;3508.94;3493.19;4521.82;0.00
737;3726.19;1926.46;3008.43;3583.62;3690.88;4863.86;36.40
738;5333.08;3772.36;4863.83;5791.65;4888.40;5573.15;60.00
739;5333.08;3772.36;4863.83;5791.65;4888.40;5573.15;60.00
740;3948.03;1896.94;2136.53;3203.96;5238.36;0.00;64.70
741;4134.44;835.49;2172.87;3324.67;4338.54;5423.38;54.80
742;3769.59;2656.92;1574.75;3528.14;4161.93;4728.47;86.80
743;6426.94;3761.06;5530.36;5724.94;6736.13;8483.99;77.40
744;6565.92;3460.76;5025.90;5522.00;7108.84;8322.39;87.50
745;3767.01;2612.38;2861.38;3459.91;3898.47;4746.47;61.50
746;7060.75;3973.98;6861.57;6546.00;7022.19;8847.37;40.00
747;4166.30;2870.97;3059.34;3495.30;4646.47;5074.69;50.00
748;4735.63;2963.88;3361.40;4347.60;4351.52;6211.21;75.00
750;6324.61;3449.52;5773.93;6075.02;6840.00;8297.04;0.00
751;4395.78;1108.68;1832.02;2735.32;4098.64;4893.34;50.00
752;6391.10;3742.34;4507.55;5430.24;6622.33;7924.31;0.00
753;4137.80;3685.95;5080.70;6207.66;5175.91;0.00;70.00
754;9177.22;3044.88;4813.35;10216.13;12379.25;13238.43;0.00
755;4917.32;2320.65;3210.99;4211.64;5064.11;6213.73;69.50
756;3487.17;2491.95;3121.70;5041.07;4727.78;6081.89;0.00
757;4791.97;2698.82;1972.97;3578.11;4723.50;5858.72;88.50
758;5927.65;3995.69;4542.38;4857.14;7921.21;7666.37;94.40
759;6826.98;3890.48;6074.31;6359.48;7987.98;8679.58;0.00
760;2060.40;2094.15;0.00;0.00;0.00;0.00;42.90
761;7011.30;5276.25;5919.76;6880.18;7460.22;8484.89;0.00
762;9467.53;5615.78;7717.54;8849.57;10690.40;14031.00;48.10
764;4715.83;1633.04;2466.81;3111.47;4663.04;5589.01;50.00
765;3352.52;1870.07;1444.81;2228.83;3686.53;4296.48;80.00
766;4893.36;1841.01;2249.74;3911.19;5051.07;6127.47;84.90
767;0.00;0.00;0.00;0.00;0.00;0.00;0.00
768;4791.97;2698.82;1972.97;3578.11;4723.50;5858.72;88.50
769;4893.16;0.00;2571.66;3692.16;5286.20;6268.78;88.90
770;5178.20;0.00;1739.43;4026.93;5445.10;6463.75;89.70
771;3362.37;1635.92;2603.28;2415.70;3671.89;4743.09;66.70
773;6594.74;2278.79;3774.58;5518.25;7811.91;0.00;90.90
774;4132.10;3018.77;2517.86;3031.85;4609.23;4786.65;74.40
776;4383.33;2495.35;2443.13;3060.84;4106.40;5898.74;69.90
777;4532.36;2202.69;2130.59;3518.55;4459.15;5623.99;73.30
778;5301.88;2106.67;2178.91;4101.01;5246.29;6397.29;87.00
779;6769.67;3584.00;4571.52;5988.08;7068.82;8859.66;65.30
780;7070.06;3535.11;4819.37;6232.10;8344.88;9348.85;50.00
781;4852.66;2274.94;3090.78;4025.63;4628.22;5330.62;37.50
782;4698.63;2191.76;2731.68;3659.66;4462.39;5715.40;66.70
783;4145.57;2150.46;2740.38;3692.25;4987.32;5693.01;50.00
784;7130.46;3168.54;5231.26;6264.98;7270.21;9090.61;84.00
786;6458.09;3049.19;5316.86;5544.24;6764.55;7825.68;87.90
787;3507.42;1670.63;2248.66;2400.23;3594.62;4206.94;62.10
788;6782.94;4113.17;9389.18;5164.77;6579.89;8235.43;37.50
789;4233.14;3699.19;4221.49;0.00;0.00;0.00;50.00
790;5043.35;1911.08;3185.30;4291.03;5813.87;6323.40;71.40
791;5794.06;4622.56;6797.10;0.00;0.00;0.00;45.50
792;4815.98;1425.58;1508.20;4049.21;4819.34;6427.18;83.30
793;4776.03;2764.68;4478.07;0.00;0.00;0.00;73.10
794;5694.45;2876.83;5144.77;5509.04;6067.28;7145.46;0.00
795;4970.92;4024.94;6689.59;0.00;0.00;0.00;22.60
796;6300.68;4779.67;5156.91;5643.27;6683.25;7360.70;0.00
797;6699.09;5833.13;7022.39;0.00;0.00;0.00;44.40
798;4210.11;1625.15;2643.44;3691.57;4935.05;5540.04;65.50
799;4470.08;2992.99;4462.81;0.00;0.00;0.00;66.70
800;9111.12;2740.96;4798.98;9055.19;11926.93;12616.47;76.90
801;3236.73;2703.15;0.00;0.00;0.00;0.00;0.00
802;9909.06;2906.10;4826.03;10755.73;13243.64;13936.78;0.00
803;4557.50;4780.14;5651.10;0.00;0.00;0.00;33.30
804;7715.68;1972.46;2715.83;6413.91;9415.61;0.00;82.10
805;3486.92;2551.80;3304.67;0.00;0.00;0.00;37.50
806;4439.12;2218.55;2744.41;2839.78;4418.94;5204.18;29.40
807;4557.50;4780.14;5651.10;0.00;0.00;0.00;33.30
808;4730.52;4219.92;6918.85;0.00;0.00;0.00;14.30
809;0.00;0.00;0.00;0.00;0.00;0.00;0.00
810;3486.92;2551.80;3304.67;0.00;0.00;0.00;37.50
811;4493.31;2463.89;3476.06;3960.46;4695.07;5641.23;36.80
812;2711.04;1935.44;2524.67;0.00;0.00;0.00;25.00
813;3998.46;1609.66;2333.67;2791.60;3693.81;5322.99;82.90
814;3882.95;2494.55;3327.59;0.00;0.00;0.00;67.20
815;3620.97;346.33;747.44;2298.10;3539.67;5032.40;94.70
816;4546.95;3401.81;4917.88;0.00;0.00;0.00;30.80
817;6707.44;4153.05;5644.12;6005.12;7008.32;8309.17;90.10
818;2836.32;2111.49;3655.22;0.00;0.00;0.00;43.80
819;6431.28;2692.90;4885.41;4938.87;6735.74;7725.90;93.90
820;6256.70;5789.00;7076.41;0.00;0.00;0.00;16.70
821;7009.90;2493.46;7126.99;7292.21;7822.73;8514.75;42.50
822;5499.46;4019.10;5503.81;0.00;0.00;0.00;41.20
823;4182.69;1284.83;1687.93;2378.34;3581.20;5180.13;75.00
824;6355.66;5801.99;8592.93;0.00;0.00;0.00;52.20
825;2652.29;1460.08;1229.19;1871.21;2582.33;2924.30;42.90
827;3692.89;1244.07;2647.33;2424.48;4587.92;4488.58;66.70
828;4233.14;3699.19;4221.49;0.00;0.00;0.00;50.00
829;3580.91;1932.50;2672.41;3494.50;4198.71;5580.83;0.00
830;4133.88;2157.57;2940.73;3107.28;4131.35;5281.62;76.10
831;3475.48;1632.40;2853.53;3741.53;4646.23;4661.48;58.60
832;4273.58;2401.17;2802.70;4132.14;4574.79;5006.86;60.00
833;5488.51;4642.15;5814.53;0.00;0.00;0.00;51.70
834;2189.07;2142.82;2270.62;2181.87;2298.03;2518.27;0.00
835;3662.88;2384.63;2881.16;3580.57;4338.62;5215.64;0.00
836;3996.98;1152.17;1334.74;2688.79;3590.20;4613.94;79.20
837;5927.65;3995.69;4542.38;4857.14;7921.21;7666.37;94.40
838;3672.17;2365.54;3763.25;0.00;0.00;0.00;45.60
839;3937.74;1126.26;1198.71;3023.14;3930.54;4857.28;75.90
840;4715.83;1633.04;2466.81;3111.47;4663.04;5589.01;50.00
841;3903.71;1178.66;2042.53;2732.30;3733.20;4990.91;84.00
842;3259.14;1761.98;2191.65;2956.11;3214.61;4442.65;82.10
843;9467.53;5615.78;7717.54;8849.57;10690.40;14031.00;48.10
844;11397.99;6675.83;7996.43;9825.92;12464.65;15970.62;59.30
845;5328.09;2001.61;2496.62;4117.79;5471.27;6523.37;85.30
846;8462.25;6864.58;10084.35;0.00;0.00;0.00;24.30
847;4172.17;2518.06;2628.73;3779.05;3671.72;5077.96;63.30
848;4182.91;1747.70;2288.72;3123.80;4318.90;5595.94;81.70
849;4123.88;4149.85;3807.40;4266.81;4747.04;5647.89;72.70
850;4529.89;2099.92;2521.28;3357.61;4521.10;5678.81;81.60
852;4226.85;1829.62;2365.97;2918.58;4089.81;4951.82;65.70
854;3871.39;2556.28;3241.54;4191.51;3971.75;4867.39;47.80
855;3749.26;1960.53;2299.47;2855.31;4003.50;5166.44;62.00
857;3437.93;2075.97;2116.21;2147.85;4235.82;5431.25;30.00
858;3883.53;3172.55;3699.60;0.00;0.00;0.00;38.50
860;4841.50;4935.07;4868.69;0.00;0.00;0.00;12.50
861;4318.32;2045.16;3391.60;3111.13;4073.89;5109.16;68.80
862;5308.74;3458.35;4238.68;5437.20;0.00;0.00;52.40
863;7198.00;3871.38;4194.76;5621.23;7084.22;10012.83;69.80
864;2551.74;1350.66;1428.05;2343.06;2675.52;2891.57;57.10
865;10646.52;6034.74;7496.40;9511.01;12324.51;14311.66;76.50
867;4226.85;1829.62;2365.97;2918.58;4089.81;4951.82;65.70
868;4027.54;2112.19;2892.38;5360.03;0.00;0.00;66.70
869;2826.96;893.12;790.23;2030.51;3363.02;4094.76;80.00
870;4477.24;2342.32;2881.26;3607.08;4214.57;5741.22;60.00
871;3311.99;1675.26;2347.00;3016.76;3367.87;3677.41;47.40
872;3813.14;2242.32;2691.16;2676.20;3912.80;4472.50;42.90
873;2629.97;1176.41;1727.74;2059.42;2880.85;4153.94;42.30
874;3522.97;1341.72;1594.20;2684.72;3589.14;4376.32;72.20
875;2926.28;1351.79;1272.87;2288.10;3326.53;3545.44;57.10
877;3908.27;2315.91;1755.21;2477.39;4058.81;4999.97;86.70
878;6346.19;3770.84;4763.34;6969.39;6753.03;7352.48;79.20
879;3029.99;2296.82;3671.97;0.00;0.00;0.00;22.20
880;5300.85;2606.05;3411.38;4395.55;5260.39;6680.25;81.20
881;4496.01;2432.66;3052.49;3185.07;4197.60;5715.02;67.30
882;3401.40;3456.16;2921.58;0.00;0.00;0.00;48.60
883;4132.79;1444.34;1469.58;3132.90;3861.90;4634.08;82.10
884;3372.10;1485.27;1609.66;2287.51;3563.41;5022.95;45.00
885;5075.83;3271.55;3745.45;4654.40;5398.77;6436.24;88.90
886;4093.18;3644.62;3983.88;0.00;0.00;0.00;36.40
887;5064.28;1247.63;1752.11;4590.98;6357.56;0.00;93.30
890;5126.64;3704.34;4210.17;4614.71;5776.11;6851.30;51.00
891;2821.94;2464.13;3500.80;0.00;0.00;0.00;8.30
892;4499.97;2479.34;3258.48;3354.95;5181.97;6376.43;52.90
893;3908.27;2315.91;1755.21;2477.39;4058.81;4999.97;86.70
894;4499.97;2479.34;3258.48;3354.95;5181.97;6376.43;52.90
895;3670.67;1571.04;2852.92;2532.66;3752.27;4392.62;70.00
896;5790.83;3965.28;3609.61;6451.25;6094.06;6905.89;29.00
897;3761.85;2064.26;1659.48;2554.94;3761.87;4808.25;42.30
898;3827.30;1628.97;2748.42;2673.41;3828.19;5641.18;52.00
899;4174.59;1399.85;1982.05;4186.08;5308.84;0.00;42.90
900;3497.48;2728.02;3555.72;1633.55;3511.30;3736.57;36.40
901;2214.81;0.00;0.00;1568.65;1769.14;3233.68;45.00
904;4499.97;2479.34;3258.48;3354.95;5181.97;6376.43;52.90
906;4881.38;2550.16;3251.48;3576.31;5087.09;6414.29;75.00
907;4775.39;1579.17;1964.77;3092.88;4564.31;5914.79;51.50
909;5066.29;5156.59;6042.25;0.00;0.00;0.00;33.30
910;4098.07;2107.20;3494.12;3714.59;4363.95;5424.59;50.00
911;4207.65;2173.13;2942.94;3498.48;5343.86;6229.22;58.30
912;4364.20;2135.48;2823.37;3503.94;5438.92;0.00;87.90
913;4306.62;2647.59;3723.80;4202.03;0.00;0.00;42.30
914;4141.89;2821.55;4363.44;0.00;0.00;0.00;66.70
916;3087.79;1494.21;1746.01;2311.93;3351.37;3720.84;64.70
917;4775.39;1579.17;1964.77;3092.88;4564.31;5914.79;51.50
919;3640.95;1232.03;2133.95;2881.36;3814.46;4822.28;52.60
920;5063.28;3907.52;5969.94;0.00;0.00;0.00;23.10
921;3258.32;1722.19;2131.36;2419.03;3401.23;4093.10;46.40
922;4054.83;3098.11;3581.85;0.00;0.00;0.00;41.70
923;3298.77;1479.25;1593.79;2058.67;3118.43;4112.07;51.90
924;4827.18;3481.16;4095.45;0.00;0.00;0.00;60.00
925;0.00;0.00;0.00;0.00;0.00;0.00;0.00
926;3132.26;2395.59;2535.18;2975.11;3051.79;3529.57;81.80
927;3411.66;1598.70;1458.39;2355.45;3492.36;5164.02;45.50
928;4424.24;2976.26;3744.39;4876.26;0.00;0.00;88.10
929;5108.97;0.00;0.00;3920.65;4999.44;7017.13;87.50
930;3551.32;1989.31;2355.36;3220.23;3627.83;4649.54;72.30
931;4899.37;4496.83;5298.35;0.00;0.00;0.00;46.30
932;3222.86;1343.97;1537.26;2102.07;3190.84;4126.94;78.40
933;4696.75;3175.77;3583.26;3643.71;4727.48;5921.01;68.90
934;2551.74;1350.66;1428.05;2343.06;2675.52;2891.57;57.10
935;4805.69;2209.27;2649.81;3782.61;5088.13;5987.01;69.60
937;3961.21;2679.64;3379.75;3794.69;4262.50;4621.42;56.20
938;4711.02;2210.91;3502.04;4559.63;5901.42;0.00;72.30
939;3154.53;1558.54;1324.02;2376.96;3681.96;4506.96;50.70
940;3984.89;1326.96;2039.42;2811.90;3341.37;5484.27;61.50
941;3663.32;3136.47;0.00;0.00;0.00;0.00;0.00
942;3075.14;3506.04;2426.36;2162.25;3335.90;4289.55;41.20
943;5267.18;2996.71;3801.99;5046.36;6268.71;7089.93;0.00
944;3298.02;1364.60;1424.31;2114.20;3449.82;4654.18;54.10
945;4348.53;0.00;2017.22;3564.59;4106.43;5761.62;66.70
946;2781.40;1078.62;1528.12;2237.90;3090.92;3501.38;80.00
947;3844.99;2108.96;2573.72;2958.96;4235.03;5045.89;45.30
951;3626.17;1677.68;2393.87;2898.81;3884.31;4796.29;74.30
952;2964.44;1653.44;2548.39;2195.49;2776.02;3600.46;54.50
953;3927.65;1854.66;2388.10;3486.88;4579.01;5179.86;78.60
954;3373.73;2786.31;3373.40;0.00;0.00;0.00;60.60
955;4745.40;2129.07;2787.19;4711.38;4810.13;6235.81;68.20
957;3535.51;1502.34;1591.80;2516.30;3702.06;5288.18;76.50
958;3560.65;2665.56;3031.81;3397.94;3791.54;4178.62;43.20
959;3926.18;2446.98;3082.92;3789.95;4604.26;5368.91;0.00
960;6264.90;3072.57;5060.39;7484.19;6503.71;7980.94;33.30
961;6955.35;3705.96;5183.64;7103.09;7432.91;8465.47;82.50
962;3795.47;2978.00;3232.17;3272.09;4108.63;4759.60;69.20
963;5341.86;3259.00;4627.32;5474.06;5503.59;6667.96;82.00
964;4315.41;3209.06;4797.23;0.00;0.00;0.00;36.40
966;5188.05;2568.89;3973.41;3997.17;5141.99;6582.71;53.30
967;3296.56;2759.82;3668.22;0.00;0.00;0.00;67.70
968;3233.98;1974.59;3448.17;0.00;0.00;0.00;57.80
969;8432.35;4888.08;6702.04;7958.43;9819.78;11295.25;50.00
971;4055.69;1711.05;2879.05;3381.33;4413.79;4887.19;71.90
972;4834.96;3819.98;5069.86;0.00;0.00;0.00;30.60
973;3842.37;2400.15;2511.92;4161.21;0.00;0.00;62.50
974;4834.96;3819.98;5069.86;0.00;0.00;0.00;30.60
975;3946.90;1596.28;2310.24;3639.88;4897.30;0.00;86.70
976;4019.22;2228.18;2177.87;2904.32;4351.19;5129.33;75.00
977;3801.15;1804.52;1530.47;3033.52;3878.38;5097.34;100.00
978;3385.44;934.89;2215.14;3072.26;4009.24;5187.64;91.70
979;4343.55;1919.71;2968.31;3398.14;4179.00;5493.81;74.10
980;4801.54;3028.58;3756.14;5342.22;0.00;0.00;77.80
983;5905.11;3287.36;4675.97;6294.22;7194.09;0.00;68.30
984;4307.41;2562.82;3099.02;3525.60;4787.61;5685.30;60.00
985;6345.05;2716.64;3996.43;5233.46;6814.98;8577.83;78.30
986;4566.96;1882.47;2599.86;3654.55;4620.09;6119.16;77.60
987;4496.02;3838.12;4984.38;0.00;0.00;0.00;43.80
988;5158.49;2339.46;3249.12;4196.63;5549.10;6757.75;77.60
989;4395.75;2430.07;3364.71;3871.79;4945.68;6086.11;49.20
991;4395.75;2430.07;3364.71;3871.79;4945.68;6086.11;49.20
992;5408.35;2312.54;3982.30;4770.05;5987.20;0.00;72.70
993;4689.96;2951.81;5210.45;0.00;0.00;0.00;55.30
994;4207.26;2317.32;3368.26;3760.44;4424.72;5138.96;68.40
995;5076.46;2705.19;3384.77;4115.21;5097.73;6528.64;82.10
1079;4270.47;2672.19;3599.28;4065.37;4866.52;6634.39;65.40
996;4015.37;2073.27;2877.66;3388.40;4403.62;5194.59;54.50
997;3500.01;1288.06;2138.87;2333.57;3160.25;4525.71;72.20
998;4654.11;2271.83;3660.82;3729.26;4318.95;6417.82;70.60
999;7556.91;6695.98;8314.34;0.00;0.00;0.00;33.30
1000;4096.99;1950.14;2831.41;3313.00;4232.74;5392.80;60.00
1001;7639.24;4354.03;5653.54;6679.59;8579.33;10667.75;55.00
1002;4290.52;2300.92;3402.31;2932.18;4153.31;5576.46;80.00
1003;6609.81;3202.92;4461.52;5412.71;7320.34;9199.01;67.20
1004;4168.71;2408.07;3109.99;3596.08;4419.29;5384.78;62.50
1005;4825.24;3129.27;3138.04;4186.40;4938.72;7083.12;50.00
1006;5929.92;4183.47;5033.27;5267.53;6644.40;7431.81;48.10
1007;4479.40;1921.67;2551.89;3230.84;4447.49;5562.92;57.10
1008;4286.16;3890.74;4657.43;0.00;0.00;0.00;78.60
1009;3410.63;2425.99;2559.02;2961.30;3656.09;4135.70;46.70
1010;4642.47;2297.19;2815.52;3600.60;4984.42;6611.86;61.10
1011;4483.57;2369.95;2820.87;3691.67;4764.16;5715.39;71.40
1012;4230.58;2429.21;3139.04;3757.98;4575.49;5626.56;59.20
1013;3073.61;1590.53;2089.37;2427.34;3041.67;4306.19;58.60
1014;5993.27;4506.60;5501.57;5658.16;7051.54;7944.43;0.00
1016;5434.89;4800.12;5048.00;4822.01;5597.86;6369.62;0.00
1017;3954.88;2073.30;3060.54;3868.90;4687.33;4540.40;56.50
1018;2781.40;1078.62;1528.12;2237.90;3090.92;3501.38;80.00
1019;3323.16;1857.28;3491.51;0.00;0.00;0.00;39.40
1020;4481.10;2648.02;3022.07;3871.87;4964.40;5522.46;82.90
1021;4372.31;2552.96;3083.46;3419.38;4481.18;5478.95;63.80
1022;6225.95;3416.21;4368.68;5396.93;7058.36;8164.07;80.60
1023;3934.66;3622.17;4020.95;0.00;0.00;0.00;69.70
1025;2347.37;1955.21;0.00;0.00;0.00;0.00;0.00
1027;3433.66;1563.40;2158.23;2746.81;3730.06;4282.08;62.50
1029;6225.95;3416.21;4368.68;5396.93;7058.36;8164.07;80.60
1030;3521.75;2408.62;2160.59;2905.48;3435.08;4198.60;80.50
1031;4652.53;3775.12;5925.45;5893.25;0.00;0.00;32.40
1032;3343.07;1465.82;1870.94;2597.92;3692.81;5558.09;71.40
1033;3076.40;1605.65;4148.81;0.00;0.00;0.00;54.50
1034;3317.14;2205.58;2429.58;0.00;0.00;0.00;72.00
1035;3433.66;1563.40;2158.23;2746.81;3730.06;4282.08;62.50
1036;3344.00;2695.28;3514.62;0.00;0.00;0.00;58.60
1037;3896.31;1729.22;1861.70;2632.08;3287.30;5050.34;70.00
1038;3291.79;1278.82;1261.92;2679.55;3010.20;3973.37;84.20
1039;3342.72;2772.64;3512.93;0.00;0.00;0.00;41.70
1040;3489.09;2006.31;2263.01;2874.61;3651.88;4629.79;46.00
1041;3665.17;1407.18;2370.13;2422.30;3592.86;4527.70;72.90
1042;5285.96;3258.66;3808.77;4887.86;5860.55;7110.18;61.00
1043;2247.41;1384.52;1833.60;2590.49;2838.41;3047.92;0.00
1044;4804.27;2156.66;3495.86;3347.32;4571.63;6144.30;70.00
1046;4174.77;1654.76;1848.52;3659.20;5285.02;0.00;84.90
1047;2486.18;1075.02;1908.11;2484.93;2806.52;3308.02;76.90
1048;3882.80;1648.49;2879.66;3475.44;4415.36;4880.66;51.20
1049;4517.46;3518.09;4896.84;0.00;0.00;0.00;18.80
1051;5438.05;3130.73;3411.55;4793.91;6164.73;0.00;66.70
1053;0.00;0.00;0.00;0.00;0.00;0.00;0.00
1054;3768.81;4207.57;0.00;0.00;0.00;0.00;0.00
1055;2076.11;3122.01;1277.07;1892.35;2750.13;2820.01;50.00
1056;3108.00;1423.04;2827.33;2468.19;3038.23;3955.25;83.30
1057;2822.55;974.81;0.00;1646.97;2890.67;3357.64;83.30
1058;2884.35;1852.21;2253.97;2002.46;2627.45;3264.37;54.50
1059;3535.94;2245.22;3171.27;0.00;0.00;0.00;56.20
1060;2738.51;1757.06;1574.99;2148.14;3200.27;3394.95;37.10
1062;3665.17;1407.18;2370.13;2422.30;3592.86;4527.70;72.90
1063;5188.05;2568.89;3973.41;3997.17;5141.99;6582.71;53.30
1064;5028.09;2473.59;3768.94;4048.07;5450.95;7535.23;40.40
1065;3888.97;1763.32;2749.71;3921.21;4130.23;5071.11;59.10
1066;4523.46;1520.54;1912.69;3735.18;4780.79;5444.17;53.30
1067;3274.08;2255.28;2195.18;2839.88;3731.57;4097.68;33.30
1068;3379.06;1077.99;1808.41;2618.25;3169.43;3702.56;75.00
1069;4497.02;2401.18;2984.52;3642.76;4527.17;5811.56;66.70
1071;4178.16;2760.61;3832.46;0.00;0.00;0.00;48.80
1072;6051.33;3566.62;4605.04;5489.00;7360.57;8549.50;28.60
1073;4352.20;2450.61;3320.45;3509.66;4563.02;6214.46;49.00
1074;7734.47;4826.42;5114.99;6657.39;8417.94;9988.58;17.60
1075;4516.78;2349.89;2779.97;3247.38;3760.89;5810.82;80.00
1076;3302.59;764.80;1485.20;1991.38;3062.95;3924.02;76.50
1077;6051.33;3566.62;4605.04;5489.00;7360.57;8549.50;28.60
1078;4879.88;2142.56;2523.09;3862.49;5756.45;6295.94;65.20
1080;4822.03;3220.54;3933.01;4463.95;4722.71;6012.79;40.00
1081;3660.73;1575.53;1649.74;2882.18;3855.67;4338.19;76.90
1082;3747.62;1498.98;1767.59;2965.04;3803.72;4442.63;82.80
1083;3900.35;2312.20;3161.48;3590.02;4659.11;5320.79;58.30
1084;5102.66;1858.31;1798.98;2870.09;4750.99;5643.76;92.30
1085;3736.25;1808.77;2025.52;2221.49;3416.10;4586.30;81.20
1086;3460.75;1514.08;2191.48;2825.44;3549.37;3790.76;81.00
1087;3839.25;2016.68;1996.64;3021.58;4019.75;5061.49;80.00
1088;3500.01;1288.06;2138.87;2333.57;3160.25;4525.71;72.20
1089;3211.13;1407.82;1922.76;2358.57;3338.65;3895.60;75.90
1090;3971.86;1758.17;1847.85;2860.14;4107.45;5304.40;77.60
1091;3918.92;2165.41;2470.06;2934.10;4480.42;5123.88;61.10
1092;3937.19;2026.04;2215.99;3026.32;4613.32;0.00;71.60
1093;3567.79;2232.23;2562.13;3143.64;3734.05;4471.68;66.80
1094;3527.50;750.43;1694.05;2715.71;3341.91;4037.09;85.70
1096;4244.27;2756.23;3285.62;3724.62;4543.65;6010.83;82.80
1097;2939.53;1651.07;2339.09;0.00;0.00;0.00;75.60
1099;3073.61;1590.53;2089.37;2427.34;3041.67;4306.19;58.60
1100;3335.97;2820.71;0.00;0.00;0.00;0.00;0.00
1101;4580.66;3509.01;3968.15;4437.67;4988.81;5647.26;60.70
1102;5625.13;4275.95;4924.03;5081.67;5989.58;7824.53;0.00
1103;2756.23;1883.39;1876.92;2861.73;3351.50;3136.60;62.50
1104;4124.69;2396.20;3203.73;3855.61;4676.36;5811.27;0.00
1105;6060.38;1856.01;2958.64;4075.35;6385.23;7856.59;74.40
1106;3807.22;1366.98;1941.23;2611.99;3774.33;4980.37;92.90
1107;10735.53;5592.42;8399.80;14331.97;0.00;0.00;0.00
1108;4099.20;2138.52;2876.52;3877.37;4436.76;4614.51;78.40
1109;7184.23;3880.24;6650.63;6980.44;7135.00;8645.19;75.00
1110;6281.86;2633.96;6381.66;5961.96;6510.25;7006.15;32.80
1111;4320.05;1862.53;2660.56;3669.36;4922.89;6167.88;56.80
1112;3258.21;1884.17;2321.54;2072.31;3033.08;3889.73;58.60
1113;5086.71;3775.80;4059.36;4116.22;5538.84;6793.53;61.30
1114;3728.61;2779.43;3261.52;3549.48;4247.16;5007.28;50.00
1115;4181.04;2190.04;2732.85;3286.31;4359.33;5601.50;59.80
1116;3368.62;1949.36;1547.96;2152.80;2821.62;4059.07;70.60
1117;4214.68;2574.49;3515.40;5354.81;6416.63;0.00;37.50
1118;3243.98;2217.09;2746.60;3119.43;0.00;0.00;7.70
1119;6075.82;5153.36;7105.65;6742.94;0.00;0.00;15.40
1120;3444.86;2677.65;0.00;0.00;0.00;0.00;0.00
1121;5303.38;3856.43;7264.71;5771.96;0.00;0.00;37.50
1123;3117.70;2118.99;2758.25;3416.01;3986.45;0.00;45.20
1125;4521.82;2123.71;2831.93;3600.30;4931.44;6055.91;48.30
1126;6681.91;3743.31;6066.18;6231.72;7449.12;8351.18;67.30
1127;3678.81;1940.79;2852.35;3472.14;3844.82;5014.17;57.10
1128;9407.98;8401.04;10465.83;12929.42;0.00;0.00;20.00
1129;5657.38;2940.23;4700.78;4345.61;5510.42;6938.04;35.00
1130;3113.22;1014.95;1848.16;2181.95;3623.04;4168.37;78.30
1131;4208.80;2608.29;3029.29;3675.94;4629.66;5398.07;60.00
1133;4190.61;2687.46;3174.26;3471.15;4418.21;5371.39;65.70
1134;4780.94;2315.55;3017.50;3969.23;4910.53;5764.92;67.40
1135;4329.30;2622.38;3225.91;3577.22;4813.80;5875.64;58.30
1137;4168.71;2408.07;3109.99;3596.08;4419.29;5384.78;62.50
1138;5268.02;2229.24;3130.73;4420.51;6546.08;8080.61;37.50
1139;5151.37;4464.74;0.00;0.00;0.00;0.00;0.00
1140;4289.72;1882.08;2590.70;3858.00;5070.99;5874.40;64.00
1141;5447.81;4805.00;6186.03;5803.66;0.00;0.00;30.80
1142;4504.47;2909.86;3549.90;4082.51;5010.45;6468.77;59.00
1144;4193.26;1927.13;2096.36;3247.51;4322.44;5489.26;59.30
1145;3597.20;1617.45;1597.78;3012.53;3695.93;4861.73;92.20
1146;4607.54;2400.21;3041.09;3414.94;4852.88;6259.50;69.40
1147;4537.12;2046.74;2658.72;3228.30;4276.85;5921.79;56.50
1148;4672.34;2015.96;2818.60;3686.68;4919.90;6174.27;71.90
1150;3739.85;1783.40;2011.13;2981.36;3869.85;4507.94;55.90
1151;2923.48;1444.66;1011.42;2485.27;3722.98;4368.30;97.70
1152;4694.80;2394.14;1516.11;3036.45;4133.13;5547.59;53.80
1153;3805.31;2311.37;2404.88;2487.26;3709.24;5187.99;66.70
1154;4627.49;2344.25;3255.58;3542.67;5036.39;5769.92;29.60
1155;3573.81;1911.25;2453.97;3062.84;3798.46;4621.20;68.40
1156;3390.95;1933.00;2192.75;2593.06;3759.46;4611.40;53.30
1157;3772.60;1560.42;1790.60;2864.90;3816.58;4835.35;74.00
1158;5096.91;2539.21;2057.24;3624.35;5224.24;6446.55;76.90
1159;3702.14;2649.23;3102.35;3830.74;4663.69;5205.40;0.00
1160;4840.97;3117.62;3936.42;3583.89;5003.65;6338.84;58.50
1161;5096.91;2539.21;2057.24;3624.35;5224.24;6446.55;76.90
1162;5511.69;2002.57;1986.46;4445.84;5465.39;6599.15;89.50
1163;3772.60;1560.42;1790.60;2864.90;3816.58;4835.35;74.00
1164;3909.36;3915.74;0.00;0.00;0.00;0.00;0.00
1165;6123.78;2717.88;3435.24;4423.12;6841.00;7923.22;58.60
1166;5137.63;2226.44;2844.53;4357.53;5693.81;6810.43;88.90
1168;7924.80;5105.37;5945.38;8331.57;10783.11;12046.42;26.70
1169;5577.57;3475.53;4008.34;3810.23;5177.99;7043.93;60.00
1170;4679.44;0.00;0.00;2703.30;4213.10;5501.35;70.00
1172;6765.84;3282.88;3624.25;5870.43;7439.93;8587.27;71.60
1173;4573.83;1321.36;2216.28;3627.24;4443.33;5647.54;54.50
1174;6255.11;3036.06;4058.39;4927.66;6288.93;7976.14;66.00
1175;4691.65;2781.55;3182.96;2894.33;4529.73;5951.43;70.60
1176;7419.55;6373.91;0.00;0.00;0.00;0.00;36.40
1177;3597.39;2103.58;2387.49;3069.10;4058.54;5473.76;50.00
1178;5099.46;0.00;0.00;3453.32;4639.41;5508.39;80.00
1179;6255.11;3036.06;4058.39;4927.66;6288.93;7976.14;66.00
1181;7419.55;6373.91;0.00;0.00;0.00;0.00;36.40
1182;4530.37;3223.31;3580.89;3768.34;4496.71;5725.68;53.80
1183;7282.37;3643.69;4663.05;5833.00;7931.52;9370.95;64.30
1184;4530.37;3223.31;3580.89;3768.34;4496.71;5725.68;53.80
1186;4546.60;1349.05;2329.61;3682.50;4893.69;5889.64;57.10
1187;6401.05;2594.01;3549.12;4958.28;6825.14;8428.40;58.20
1189;6255.11;3036.06;4058.39;4927.66;6288.93;7976.14;66.00
1190;4521.21;2865.94;3269.24;3792.41;4546.25;5912.12;70.80
1191;7862.49;5139.99;5853.46;7228.83;8016.71;0.00;22.20
1194;4768.20;1945.42;2848.92;3792.08;4577.75;6286.49;69.40
1195;5622.45;4022.16;4391.50;5320.24;6520.91;7603.96;43.50
1197;5824.97;2217.87;3552.88;4842.98;6418.18;7730.73;57.90
1199;5388.06;4435.51;0.00;0.00;0.00;0.00;31.00
1200;5515.75;2579.81;3472.35;4388.17;6049.52;7176.41;53.60
1203;3616.27;2868.89;3264.33;3424.08;3509.68;4373.56;45.50
1204;9144.90;5812.02;6491.34;7811.18;9739.20;12100.89;50.90
1207;5880.97;4829.34;5326.04;5482.40;6521.87;7057.93;0.00
1208;5096.91;2539.21;2057.24;3624.35;5224.24;6446.55;76.90
1210;3424.26;2485.22;2947.18;3913.28;5628.75;5286.26;0.00
1211;6395.83;4541.21;7637.89;0.00;0.00;0.00;57.90
1212;4958.29;2542.57;3320.37;4061.73;5032.55;6496.40;57.40
1213;5534.39;3441.57;4725.65;5208.23;6751.09;7523.70;44.00
1214;5894.65;3930.14;4679.04;5593.85;6448.67;6946.37;72.70
1215;4431.59;3064.64;2996.41;3798.94;5481.04;6289.14;40.00
1216;5509.91;3047.14;3649.93;4804.66;5537.57;6504.27;47.10
1217;6123.78;2717.88;3435.24;4423.12;6841.00;7923.22;58.60
1218;3415.79;1385.09;1748.65;2632.36;3914.09;4410.49;75.00
1219;3681.15;2562.52;3309.43;0.00;0.00;0.00;75.00
1220;3155.79;1921.47;3361.21;0.00;0.00;0.00;10.00
1222;3634.67;1301.59;1064.40;2376.19;3729.16;4594.83;35.70
1223;3217.21;1992.96;2285.71;2654.38;3270.13;3973.13;34.20
1224;0.00;0.00;0.00;0.00;0.00;0.00;0.00
1225;3536.39;2037.38;2589.28;0.00;0.00;0.00;66.70
1226;3021.04;1553.20;2007.05;2406.40;3026.34;3881.94;78.70
1227;4286.48;2813.87;3494.92;4083.74;4987.26;5513.35;24.00
1228;3681.15;2562.52;3309.43;0.00;0.00;0.00;75.00
1229;3115.37;2137.24;2484.05;2874.87;3267.26;4407.82;43.80
1230;0.00;0.00;0.00;0.00;0.00;0.00;0.00
1231;3918.97;3140.47;3182.48;3908.69;4950.29;5534.88;51.60
1232;3512.79;2207.16;2870.99;3147.90;3834.71;5094.21;35.30
1233;4104.31;3005.72;3824.41;4645.89;0.00;0.00;0.00
1234;4002.17;3254.56;2989.67;3919.98;5225.73;6241.71;31.80
1235;3480.47;1015.59;1455.03;2067.23;3066.43;5323.41;66.70
1236;2724.29;1579.10;1474.87;2224.54;2798.71;3635.57;38.90
1238;2431.37;1675.59;1849.42;2416.35;2628.99;3440.31;50.00
1239;3021.04;1553.20;2007.05;2406.40;3026.34;3881.94;78.70
1240;3681.15;2562.52;3309.43;0.00;0.00;0.00;75.00
1241;2201.76;1487.85;1838.43;2206.53;2381.48;2787.46;45.50
1243;4949.68;3694.59;4537.61;5560.26;6342.55;6817.95;13.60
1245;3512.79;2207.16;2870.99;3147.90;3834.71;5094.21;35.30
1247;3021.04;1553.20;2007.05;2406.40;3026.34;3881.94;78.70
1248;4286.48;2813.87;3494.92;4083.74;4987.26;5513.35;24.00
1249;6100.53;3136.04;3753.03;4602.94;6199.07;8219.76;47.10
1250;2945.97;1857.83;2315.13;2502.49;2797.53;3999.90;40.70
1251;4104.51;1580.33;2217.33;3089.98;4515.03;5719.84;58.20
1252;3115.37;2137.24;2484.05;2874.87;3267.26;4407.82;43.80
1253;4756.62;3269.00;3495.21;3683.20;5226.83;5843.80;42.10
1254;4265.74;1406.41;2033.75;2920.28;4034.74;5404.75;85.40
1255;4070.83;1758.59;6003.37;0.00;0.00;0.00;57.10
1256;3918.97;3140.47;3182.48;3908.69;4950.29;5534.88;51.60
1259;3742.75;2032.20;3085.69;3631.92;4511.63;0.00;0.00
1260;4604.68;0.00;0.00;3670.38;4698.52;5395.21;48.10
1261;8303.71;8061.58;0.00;0.00;0.00;0.00;42.90
1263;4002.17;3254.56;2989.67;3919.98;5225.73;6241.71;31.80
1264;4559.73;3427.19;3600.99;4331.13;5336.52;5996.38;45.50
1266;6801.05;3798.85;5276.68;5729.36;7351.01;8400.93;50.00
1267;3883.68;3176.55;4675.68;2426.89;2637.47;2822.23;40.00
1268;6433.30;4635.69;4526.23;5192.76;6404.73;8626.17;46.20
1269;4015.68;2117.21;1695.97;3103.22;4064.40;5760.07;73.90
1270;4523.30;2601.74;2333.15;3619.52;5069.54;5504.97;87.50
1271;5674.54;3802.44;4983.53;5879.97;6964.80;0.00;29.40
1274;3811.88;0.00;3809.60;0.00;0.00;0.00;60.00
1275;5669.55;5243.27;0.00;0.00;0.00;0.00;0.00
1278;5161.36;3080.96;3801.81;4711.30;5927.85;6969.20;17.20
1280;4161.03;3659.11;0.00;0.00;0.00;0.00;0.00
1282;3854.05;1582.12;1090.45;2938.05;4330.76;5120.72;75.00
1283;3157.60;1859.53;1872.81;3686.45;3887.35;0.00;70.00
1286;2891.56;1295.65;1964.71;2145.54;3116.07;3942.47;58.00
1289;3512.79;2207.16;2870.99;3147.90;3834.71;5094.21;35.30
1291;4104.31;3005.72;3824.41;4645.89;0.00;0.00;0.00
1293;2886.93;1291.82;1951.75;2487.45;3066.71;3486.37;70.00
1294;6043.28;2946.01;3315.05;3899.49;6043.26;8505.39;34.00
1295;5602.75;4705.60;5720.66;6753.77;0.00;0.00;0.00
1296;5219.65;3005.54;4165.97;5208.16;6225.49;7244.92;0.00
1297;6100.53;3136.04;3753.03;4602.94;6199.07;8219.76;47.10
1298;6043.28;2946.01;3315.05;3899.49;6043.26;8505.39;34.00
1299;5400.18;2521.04;3056.62;4446.28;5737.84;7036.58;50.00
1300;3325.66;1782.38;2717.25;2986.41;4086.15;0.00;76.50
1301;7342.98;3061.58;6847.39;6788.61;7557.44;8601.52;43.50
1302;2201.76;1487.85;1838.43;2206.53;2381.48;2787.46;45.50
1303;3757.39;1770.93;2527.95;3188.97;5020.35;0.00;53.10
1304;3250.75;2067.74;2713.83;2911.32;3820.87;4887.77;56.00
1306;6655.86;2374.95;4897.93;5925.84;7216.11;8368.30;88.50
1307;4225.02;1464.62;1938.32;3437.78;4389.12;5362.31;60.60
1308;5414.70;2152.44;3740.96;5092.64;5908.48;7053.61;86.50
1309;6655.86;2374.95;4897.93;5925.84;7216.11;8368.30;88.50
1313;6748.52;6559.29;0.00;0.00;0.00;0.00;0.00
1315;4670.87;4730.62;0.00;0.00;0.00;0.00;0.00
1316;3624.58;3120.02;0.00;0.00;0.00;0.00;0.00
1317;5862.94;5615.28;0.00;0.00;0.00;0.00;0.00
1323;3797.37;2933.37;0.00;0.00;0.00;0.00;0.00
1328;3460.62;3373.90;0.00;0.00;0.00;0.00;0.00
1329;6309.13;5365.55;0.00;0.00;0.00;0.00;0.00
1330;3282.42;3400.60;0.00;0.00;0.00;0.00;0.00
1331;6360.78;5824.10;0.00;0.00;0.00;0.00;0.00
1333;4046.75;3496.46;0.00;0.00;0.00;0.00;0.00
1334;6873.30;3507.57;5247.22;7157.99;8383.68;9539.60;0.00
1336;3325.92;3249.79;3874.74;0.00;0.00;0.00;0.00
1337;1024.11;538.57;0.00;303.60;0.00;478.33;0.00
1338;3911.11;1953.85;2302.53;3768.41;3474.69;5065.19;45.50
1339;3626.77;3173.04;0.00;0.00;0.00;0.00;0.00
1341;3607.17;2090.14;2653.73;3287.23;3675.05;4382.09;80.10
1342;4357.32;2089.62;2630.93;3609.32;4636.47;5887.55;65.70
1343;4729.00;2393.60;3090.33;4089.90;5255.83;6968.07;0.00
1347;5326.26;4366.71;4313.94;5270.93;5584.06;6613.30;58.80
1348;3571.28;1642.48;2339.39;3693.28;0.00;0.00;62.50
1349;3427.12;1914.25;2186.56;2526.55;3590.95;4403.03;81.00
1350;7091.34;5500.26;6493.05;7588.23;8715.78;9470.87;6.40
1351;4398.42;1599.17;2499.55;3932.01;4668.37;5386.65;76.20
1353;5099.00;2935.45;3468.78;4099.74;4691.86;6681.23;33.30
1355;4622.59;1901.93;2067.88;3411.98;4770.22;6044.80;90.40
1356;4166.40;2918.12;4015.11;0.00;0.00;0.00;91.70
1357;4216.69;2202.08;2707.26;3510.24;4147.96;5138.72;79.70
1358;3773.02;517.64;1705.60;3144.37;3650.06;5071.96;58.30
1359;2891.66;2348.65;2158.47;2264.41;2622.21;4161.22;46.20
1362;4400.19;2790.69;3486.03;4086.02;5038.65;5289.81;18.40
1363;3812.34;2938.36;3114.26;3744.03;4392.48;5079.83;37.50
1364;4916.94;2748.61;2832.78;4136.61;5184.47;6141.31;57.40
1365;3427.12;1914.25;2186.56;2526.55;3590.95;4403.03;81.00
1366;4043.68;1883.63;2580.03;3185.03;4105.91;5085.50;63.90
1367;4949.88;2614.64;4323.62;4950.21;0.00;0.00;68.00
1368;4764.51;3665.05;4162.61;4550.33;5103.06;5827.71;50.00
1371;4594.32;3649.13;4791.71;5448.98;0.00;0.00;43.80
1372;4982.56;1973.92;2421.71;2889.62;4564.79;5998.06;66.70
1374;5009.53;4207.86;5394.00;0.00;0.00;0.00;52.30
1377;4914.12;4660.48;5079.38;0.00;0.00;0.00;42.00
1378;6332.58;3198.98;3942.47;5187.29;6431.78;7995.51;55.60
1379;4914.12;4660.48;5079.38;0.00;0.00;0.00;42.00
1380;3858.17;3445.30;4701.65;0.00;0.00;0.00;33.30
1381;4216.69;2202.08;2707.26;3510.24;4147.96;5138.72;79.70
1382;4914.12;4660.48;5079.38;0.00;0.00;0.00;42.00
1383;4188.58;3864.50;0.00;0.00;0.00;0.00;0.00
1384;3427.12;1914.25;2186.56;2526.55;3590.95;4403.03;81.00
1386;3671.68;2057.25;2434.00;3241.13;4624.99;4454.76;25.00
1387;2900.79;1922.40;2524.39;2519.12;3297.12;3518.61;66.70
1388;12620.68;3898.26;8666.08;9101.36;12313.06;16924.10;67.90
1389;3427.12;1914.25;2186.56;2526.55;3590.95;4403.03;81.00
1390;3848.72;2157.32;2817.69;3839.20;4257.25;0.00;26.70
1393;4162.21;3420.62;3542.45;4402.38;4326.21;0.00;50.00
1394;4162.21;3420.62;3542.45;4402.38;4326.21;0.00;50.00
1395;5737.75;0.00;0.00;3864.83;5666.91;7681.41;90.00
1396;4767.44;2968.30;4369.65;4878.25;4505.46;5812.74;22.20
1398;5249.74;4093.93;5375.90;0.00;0.00;0.00;30.80
1400;6475.47;2384.99;4294.91;4882.06;6525.09;8074.77;73.60
1403;4043.68;1883.63;2580.03;3185.03;4105.91;5085.50;63.90
1404;4835.78;2618.05;2978.53;3821.68;5139.25;6262.47;63.00
1405;5617.51;5116.13;5759.09;0.00;0.00;0.00;12.50
1407;5794.06;4622.56;6797.10;0.00;0.00;0.00;45.50
1408;7091.34;5500.26;6493.05;7588.23;8715.78;9470.87;6.40
1409;5930.30;2475.34;3859.26;4780.87;6081.36;7555.42;80.00
1410;4857.86;2428.38;3519.75;3886.66;4695.99;6626.85;70.00
1412;5112.45;3625.08;4017.66;4632.51;5427.09;6658.08;37.50
1413;3767.01;2612.38;2861.38;3459.91;3898.47;4746.47;61.50
1414;4906.46;2177.72;3061.65;3839.69;4727.83;6091.51;77.00
1415;4744.15;1652.60;2983.17;4523.29;5565.67;7009.43;61.10
1417;4906.28;2286.85;3189.83;4196.09;5122.37;6308.16;70.30
1419;4387.55;2456.40;3396.09;3984.81;5260.87;5442.95;56.10
1420;6255.11;3036.06;4058.39;4927.66;6288.93;7976.14;66.00
1421;3559.37;2945.81;4675.89;0.00;0.00;0.00;15.40
1422;5819.99;4864.82;0.00;0.00;0.00;0.00;48.20
1423;2923.20;1416.36;1944.66;3818.81;5320.39;0.00;25.00
1424;5869.25;2875.14;3520.45;4769.11;6211.92;7817.69;76.10
1425;4291.90;1861.45;2741.90;3874.98;4391.25;5575.15;53.60
1427;4216.69;2202.08;2707.26;3510.24;4147.96;5138.72;79.70
1429;3428.09;3476.91;4200.22;0.00;0.00;0.00;36.40
1431;3694.29;2191.06;2643.34;3232.92;3880.78;4600.80;67.70
1433;4842.92;2272.13;3312.35;3711.07;4973.54;6122.05;76.30
1437;5172.59;2020.05;2857.14;4376.52;5244.82;6576.09;68.10
1439;5304.65;1967.53;2861.31;4313.81;5616.45;6800.81;68.60
1441;4748.67;2932.30;3548.41;4278.91;5073.29;5909.17;67.60
1443;4748.67;2932.30;3548.41;4278.91;5073.29;5909.17;67.60
1445;3932.45;2230.66;2824.02;3411.02;3674.02;4922.27;50.00
1446;3944.34;3143.63;0.00;0.00;0.00;0.00;0.00
1447;3427.12;1914.25;2186.56;2526.55;3590.95;4403.03;81.00
1448;6284.71;4200.54;4742.41;5854.57;7159.68;7787.49;52.60
1450;3427.12;1914.25;2186.56;2526.55;3590.95;4403.03;81.00
1451;3997.78;1704.00;1756.83;3170.57;3702.74;4919.18;81.40
1453;6985.30;5050.27;6086.50;6685.42;8176.73;8773.68;10.00
1454;4369.19;2033.10;2959.22;3355.49;4460.33;5298.43;66.10
1456;3469.97;2004.45;1515.85;2153.48;3189.25;4338.78;33.30
1457;7255.26;3886.82;4879.94;6656.59;8417.13;10760.13;35.00
1458;3754.28;2613.76;3324.64;4183.27;4126.82;5043.64;72.70
1459;6913.46;3431.73;4507.93;5621.16;7118.47;8428.71;70.00
1460;5144.06;0.00;4022.85;4729.28;4844.08;5813.88;70.00
1461;4130.66;2335.01;3220.61;3691.10;4203.03;6036.54;36.40
1462;2883.42;2800.82;0.00;0.00;0.00;0.00;0.00
1463;6345.50;2574.45;3993.69;5510.18;7409.33;0.00;47.40
1464;3694.29;2191.06;2643.34;3232.92;3880.78;4600.80;67.70
1465;3379.64;1193.98;1648.08;2528.05;3689.48;4572.48;58.60
1466;4850.10;2728.78;3173.51;4171.96;5172.34;6101.50;77.50
1467;4431.69;3278.29;3594.66;4048.59;4747.25;5600.11;66.30
1468;2235.31;1991.72;0.00;0.00;0.00;0.00;0.00
1471;5010.86;3325.81;3844.05;4367.51;5524.67;6932.33;68.90
1473;4776.00;3436.34;4431.76;5014.79;5798.00;6255.24;50.00
1475;5115.75;2964.02;3615.65;4971.67;5796.68;6537.69;0.00
1476;1695.67;1218.02;0.00;0.00;0.00;0.00;0.00
1477;4443.07;2394.11;2916.48;3376.83;5275.27;5601.11;60.00
1478;0.00;0.00;0.00;0.00;0.00;0.00;0.00
1481;3717.65;3524.80;0.00;0.00;0.00;0.00;25.00
1484;4704.29;4274.20;0.00;0.00;0.00;0.00;0.00
1486;3180.08;2908.52;0.00;0.00;0.00;0.00;0.00
1488;7048.58;6313.94;0.00;0.00;0.00;0.00;0.00
1490;4019.44;3640.31;0.00;0.00;0.00;0.00;0.00
1493;5461.93;4742.08;6422.03;0.00;0.00;0.00;53.80
1495;6039.33;5744.01;6576.26;0.00;0.00;0.00;25.00
1496;3324.77;3393.43;0.00;0.00;0.00;0.00;0.00
1497;5658.26;4868.43;6776.31;0.00;0.00;0.00;42.50
1506;4824.55;4706.85;0.00;0.00;0.00;0.00;0.00
1510;4498.70;4196.42;0.00;0.00;0.00;0.00;0.00
1512;3885.05;3001.44;0.00;0.00;0.00;0.00;0.00
1514;3391.70;3166.57;0.00;0.00;0.00;0.00;0.00
1516;5534.37;3824.99;4654.05;5778.43;6576.32;0.00;46.70
1521;3049.68;1374.47;2808.47;3263.04;3704.20;4447.07;0.00
1522;3474.40;3551.68;0.00;0.00;0.00;0.00;0.00
1523;4891.23;2192.51;1533.07;3087.86;4658.27;6558.65;70.00
1524;2378.10;2494.44;0.00;0.00;0.00;0.00;0.00
1526;3468.11;2938.78;0.00;0.00;0.00;0.00;0.00
1528;0.00;0.00;0.00;0.00;0.00;0.00;0.00
1530;4092.23;3867.60;0.00;0.00;0.00;0.00;0.00
1532;3757.72;3250.96;0.00;0.00;0.00;0.00;0.00
1539;3881.32;0.00;0.00;0.00;0.00;0.00;0.00
1540;4172.53;1611.44;2390.44;3395.15;4666.39;5100.53;71.10
1542;4310.78;2302.89;4599.02;5430.69;0.00;0.00;40.00
1547;4557.82;1436.56;2530.21;3746.82;4593.50;6112.14;63.30
1548;3427.84;3246.55;0.00;0.00;0.00;0.00;0.00
1551;4203.80;2814.76;2681.49;3255.20;4138.08;5841.38;58.30
1553;4897.88;1944.45;2294.67;3882.48;5287.36;6484.00;77.90
1555;4628.71;1765.59;2703.61;3349.33;5320.99;6093.87;83.30
1557;3990.37;1901.83;1449.99;2606.90;3978.45;4871.22;81.60
1558;5341.97;2877.68;3130.83;4508.49;5750.16;6137.08;73.50
1559;4203.80;2814.76;2681.49;3255.20;4138.08;5841.38;58.30
1560;4664.92;1602.11;2117.01;3265.43;4900.78;5984.50;84.80
1561;4330.00;2619.89;2877.74;4558.04;0.00;0.00;83.30
1562;3149.33;2064.13;1729.19;3179.36;0.00;0.00;64.30
1563;5045.95;4087.39;4461.62;4584.41;5505.93;6407.33;32.00
1565;5127.37;2560.50;3472.07;3867.79;5116.86;6605.45;76.70
1566;5127.37;2560.50;3472.07;3867.79;5116.86;6605.45;76.70
1567;4021.53;2581.50;2160.45;2632.73;4292.49;5104.31;70.00
1568;4848.61;2097.13;2153.32;3873.00;4848.74;6074.40;57.10
1569;4864.40;2340.55;2891.36;4294.55;5640.76;6751.77;59.40
1570;4228.28;1850.90;2590.40;3576.35;4292.08;5361.39;58.30
1571;4173.49;1912.70;2360.88;3364.07;4205.02;5547.60;59.20
1573;4370.74;3148.93;3540.80;4226.84;4637.26;5475.80;75.00
1574;4825.99;1996.00;2926.19;4624.32;4865.72;6286.62;67.70
1575;4431.74;1793.63;2565.24;3193.40;4549.98;5456.26;69.00
1576;5067.83;2985.53;4113.52;5072.60;5798.08;6975.84;0.00
1577;3895.35;2239.13;3353.67;3470.74;4158.01;4482.31;54.20
1578;4869.84;3384.80;3711.75;4643.40;5592.53;6728.04;40.70
1579;3756.58;2558.73;3784.42;0.00;0.00;0.00;41.70
1580;4209.70;3274.94;3075.65;3916.29;4559.85;5400.26;38.10
1581;3985.96;1858.61;2257.58;3116.12;4472.80;5741.42;74.20
1582;9237.51;5529.97;7877.71;7642.02;9736.48;11667.36;0.00
1583;5869.25;2875.14;3520.45;4769.11;6211.92;7817.69;76.10
1584;6416.88;3086.47;4172.89;5750.24;7731.16;9045.34;56.60
1585;4897.28;2556.31;3056.53;3807.26;5312.69;6588.97;66.10
1586;3296.56;2759.82;3668.22;0.00;0.00;0.00;67.70
1587;4854.58;2405.24;3061.20;4158.15;5765.34;0.00;84.60
1588;4723.48;1991.95;2219.29;3435.64;4936.18;6242.35;83.30
1589;4445.22;2529.38;2742.40;3071.40;4177.09;5543.19;56.50
1591;8432.35;4888.08;6702.04;7958.43;9819.78;11295.25;50.00
1594;8432.35;4888.08;6702.04;7958.43;9819.78;11295.25;50.00
1595;5840.60;2422.69;3294.33;5020.77;6572.78;7953.34;73.30
1596;6383.49;3598.67;4506.23;5502.23;7413.23;0.00;80.00
1597;4460.71;2312.20;2600.57;3749.65;5159.80;6029.74;53.20
1600;3750.92;2341.83;3110.94;4008.51;3953.57;4601.01;12.00
1601;4825.85;3324.34;3365.90;5778.20;5457.48;5173.10;54.20
1603;4277.31;2135.77;2493.31;3420.96;4220.65;6054.79;74.60
1604;4680.38;2075.48;2512.23;4064.90;4660.06;5675.33;56.50
1605;4680.38;2075.48;2512.23;4064.90;4660.06;5675.33;56.50
1606;4857.55;2397.20;2831.03;3916.83;4997.74;6328.71;59.10
1607;4028.42;2137.71;2264.17;3043.17;4257.06;5744.25;69.40
1608;5941.37;3638.37;3652.55;5327.45;6448.69;6980.22;56.10
1609;4376.69;2047.61;2210.34;3760.62;4852.70;5938.52;76.60
1610;2602.30;2070.90;2130.59;0.00;0.00;0.00;29.40
1611;4302.55;1885.30;3066.23;3810.05;4785.08;5905.09;56.20
1612;4203.80;2814.76;2681.49;3255.20;4138.08;5841.38;58.30
1613;6479.16;3708.01;3956.20;5511.08;6817.04;8015.45;65.30
1615;4815.89;2260.74;3555.84;4585.34;5983.89;6201.68;66.70
1616;4556.42;1916.87;2862.15;3324.74;4372.01;6119.43;50.00
1617;3614.11;2109.53;3357.46;3514.12;3794.90;5009.35;36.40
1618;4109.06;2369.54;3480.32;3893.36;4673.69;4827.67;50.00
1619;4210.25;2848.49;3035.87;4465.03;4561.75;4925.31;48.40
1620;3556.49;1873.57;1816.31;2644.97;3221.46;3888.32;64.30
1621;4203.80;2814.76;2681.49;3255.20;4138.08;5841.38;58.30
1622;4368.66;2160.19;3160.09;4277.95;4371.52;5603.58;65.00
1623;3852.72;1656.41;1520.87;3302.68;3797.45;4707.72;46.70
1624;3919.34;1692.31;1990.48;2812.37;3774.93;5003.89;67.40
1627;5431.62;3048.46;4559.65;5186.86;6429.77;6749.02;28.60
1628;4985.63;0.00;2212.18;3210.05;4804.97;6840.81;78.60
1630;4253.85;1822.05;2647.53;3906.80;6026.22;0.00;57.10
1631;5262.75;4057.75;4382.76;5444.91;6397.20;0.00;53.30
1632;7679.02;2782.38;4380.91;6669.89;9100.29;11220.62;69.00
1633;5542.17;2566.10;3607.05;4585.60;5863.20;7248.33;79.40
1634;5384.79;3021.80;3531.15;4341.54;5808.37;7033.78;64.70
1635;5076.63;4513.75;5318.16;0.00;0.00;0.00;42.60
1636;5147.15;2311.42;3084.64;4391.67;5532.46;6820.96;79.20
1637;3693.28;2819.43;3824.71;0.00;0.00;0.00;65.70
1638;3939.70;2815.37;3760.19;0.00;0.00;0.00;53.70
1639;6053.61;4626.25;5194.32;5631.22;6286.72;7476.99;35.60
1640;6001.01;3967.63;4726.07;6055.76;7122.39;7992.35;30.80
1641;6938.05;4787.79;5981.34;7085.66;8966.23;0.00;44.40
1642;5129.44;3978.98;4328.90;5751.17;5975.24;6396.73;51.70
1643;7024.29;3220.04;4314.02;5916.37;7677.73;9146.67;81.40
1644;4977.86;3674.54;4238.12;4770.03;5403.66;6416.87;56.50
1645;5635.68;2984.64;4218.74;6473.74;7939.59;0.00;47.40
1646;5765.46;4041.21;4753.30;5882.89;7261.99;7584.41;64.00
1647;4898.80;3040.53;4905.06;0.00;0.00;0.00;81.40
1648;5158.49;2339.46;3249.12;4196.63;5549.10;6757.75;77.60
1649;5550.25;3067.36;4054.14;5535.64;6171.29;7558.86;0.00
1650;4535.23;2280.16;2721.77;4165.00;4937.89;5784.90;90.30
1651;6010.99;4632.23;5165.98;5711.10;6358.83;7028.61;0.00
1652;3192.68;1489.89;1733.92;2232.52;3236.36;4245.88;84.80
1653;9290.08;2871.49;4975.29;10495.55;11256.64;12565.21;0.00
1654;2981.95;2455.16;2858.23;0.00;3733.21;4530.27;0.00
1655;6832.45;3608.13;7387.74;6829.20;7414.33;8124.75;37.90
1656;3580.52;1919.36;2204.66;2989.59;4022.52;4845.70;71.10
1657;4797.55;3029.25;3689.27;4404.12;5688.03;6332.15;75.00
1658;4598.39;2036.26;3124.19;3874.80;4797.45;6250.28;68.40
1659;5552.03;2672.38;2875.39;3886.53;5452.47;6475.87;72.70
1660;4015.30;1571.74;1561.26;2844.38;4046.14;5340.27;86.90
1661;7067.13;4130.71;6603.93;6205.78;7295.70;8865.09;89.00
1662;6527.99;3928.68;5073.80;5699.48;7401.47;8562.85;90.70
1666;6173.04;3423.34;3628.51;4518.42;6361.19;7669.32;46.50
1667;7473.45;4692.67;5123.90;7894.40;9660.13;11451.37;0.00
1668;5736.53;3872.28;5360.00;5621.53;6625.06;8015.22;39.30
1669;4835.78;2618.05;2978.53;3821.68;5139.25;6262.47;63.00
1670;7453.01;5668.61;6453.17;6993.76;8814.63;10267.52;30.80
1671;6748.78;2790.72;3852.94;4735.08;6734.61;8209.23;85.70
1672;6880.90;5350.67;6114.99;6928.48;7629.79;9946.66;18.20
1673;5068.32;2280.11;3376.81;4423.64;5080.87;6076.26;63.60
1674;6585.37;3613.96;3949.98;5223.96;6895.77;8487.30;75.80
1675;5907.94;3945.49;4508.86;5343.64;6334.09;7855.04;64.60
1676;6597.75;3395.04;4108.25;5595.39;7125.97;8263.58;75.20
1677;4882.74;3304.50;3488.30;4114.44;4873.83;6072.11;34.10
1678;5788.69;4824.30;4767.34;5585.92;6519.06;7815.65;31.70
1679;7079.04;3115.05;4349.71;6143.58;7718.19;8639.05;72.70
1680;3854.22;2539.77;2892.83;3328.69;3903.99;4864.02;50.00
1681;4891.76;3638.86;3867.02;4761.83;5457.31;6099.58;0.00
1682;5518.58;2915.88;3318.13;4394.78;5832.38;6788.60;65.80
1683;7163.85;4789.10;5673.47;7507.13;8553.86;8948.57;48.00
1685;6475.47;2384.99;4294.91;4882.06;6525.09;8074.77;73.60
1686;4687.80;3930.35;3313.14;3781.88;4564.55;4703.57;60.00
1687;6189.58;3134.10;3460.14;6390.52;6415.01;7010.71;32.40
1688;7163.85;4789.10;5673.47;7507.13;8553.86;8948.57;48.00
1689;4786.02;1884.11;2239.80;3897.52;5120.56;6278.61;80.60
1690;5025.71;4423.12;5544.45;0.00;0.00;0.00;7.10
1691;5143.39;2615.68;3041.81;4221.31;5401.82;6134.73;60.40
1692;4711.94;2804.66;3516.73;3959.03;4761.79;5966.88;67.10
1693;8963.63;6478.43;7166.21;7781.72;9543.70;14087.46;27.30
1694;6189.80;5300.30;4811.51;5641.79;7446.82;8767.74;53.30
1695;4873.93;2136.00;3456.08;3848.37;4854.19;5774.01;48.60
1696;5670.71;2818.48;3094.90;4395.28;5904.17;6772.50;75.70
1697;5972.04;4391.94;5186.59;5931.49;6333.83;7205.69;43.60
1698;5339.14;3972.37;4918.97;0.00;0.00;0.00;47.40
1699;8630.62;5149.11;6795.06;8093.68;9783.31;11510.48;25.00
1700;8045.60;4308.00;5736.92;6436.91;8632.54;10639.05;80.00
1701;5042.75;2080.45;3146.10;4124.96;4988.36;5863.73;69.00
1702;4176.49;1798.36;2628.00;3616.40;4860.49;5465.03;69.60
1703;4389.36;2106.32;2984.24;3991.74;5280.88;5172.87;44.40
1704;5238.93;2197.69;3325.86;4817.67;4766.77;7063.87;0.00
1705;4153.18;888.22;1950.63;3960.06;4375.12;5828.22;71.40
1710;3552.50;1673.74;2459.82;2375.96;3854.59;4492.29;80.60
1711;6208.09;3955.01;4769.71;7619.71;6824.66;7370.14;66.90
1712;5295.90;2251.48;4604.45;5519.02;5308.04;7028.62;68.00
1713;4487.14;2854.39;4297.24;6127.61;0.00;0.00;0.00
1714;4486.76;2242.23;2296.99;3324.88;4609.66;6011.93;74.20
1715;4938.58;2271.94;2909.34;4189.14;4843.08;6208.65;68.60
1716;7464.68;3816.18;5594.57;6509.06;8217.10;9946.33;48.10
1717;4826.27;3708.74;0.00;0.00;0.00;0.00;15.80
1718;5280.59;2801.63;3301.30;4357.35;5437.33;6719.90;70.50
1719;3753.24;2084.96;2701.72;3005.97;3893.70;4740.61;51.70
1720;5607.83;3755.68;4659.11;5698.28;5978.77;7391.24;34.90
1721;5423.94;2345.05;3022.35;4214.42;5864.13;6968.59;79.20
1722;6228.28;2225.25;3753.78;5719.52;7402.53;0.00;86.20
1723;5055.30;5250.63;0.00;0.00;0.00;0.00;60.00
1724;6991.44;2702.33;4038.47;5833.47;7133.38;8771.32;77.40
1725;4890.72;3339.75;3616.96;4639.13;5500.94;6577.16;50.00
1726;4711.54;2503.47;2981.50;3792.75;4571.52;5534.38;69.60
1727;6401.05;2594.01;3549.12;4958.28;6825.14;8428.40;58.20
1728;6350.13;2542.43;4194.15;5412.04;7626.52;8487.63;66.70
1729;6563.24;1168.66;5303.52;6549.70;7965.82;0.00;85.70
1730;7834.13;4051.60;4807.90;6588.44;8605.18;10315.19;81.60
1731;4955.92;2470.25;2778.12;4509.88;5164.97;5808.82;80.80
1732;6886.71;6490.03;0.00;0.00;0.00;0.00;56.40
1733;7974.07;3750.14;5450.89;7806.55;9668.64;0.00;82.80
1734;5710.94;1525.44;3493.13;5335.60;6770.97;0.00;81.00
1735;6487.77;3302.47;3902.93;5417.38;6733.21;8287.41;69.90
1736;8145.80;4108.86;5391.51;6640.10;8519.46;10905.75;68.40
1737;8758.40;6062.07;8689.20;10521.20;0.00;0.00;57.40
1738;7428.81;3849.27;4848.19;6605.76;8377.22;10028.12;52.10
1739;7419.55;6373.91;0.00;0.00;0.00;0.00;36.40
1741;8929.62;4822.80;6731.53;9093.53;11407.09;0.00;56.20
1742;8038.69;4271.75;5674.84;7172.68;9453.15;11061.10;44.40
1743;4237.57;2553.77;4172.74;4766.44;0.00;0.00;54.50
1744;5097.53;4244.63;0.00;0.00;0.00;0.00;40.00
1745;2681.16;0.00;0.00;0.00;0.00;0.00;60.00
1746;6255.11;3036.06;4058.39;4927.66;6288.93;7976.14;66.00
1747;0.00;0.00;0.00;0.00;0.00;0.00;0.00
1748;7602.36;3791.99;4892.88;5987.13;7477.91;9906.97;65.40
1749;3427.12;1914.25;2186.56;2526.55;3590.95;4403.03;81.00
1750;6318.70;5065.87;0.00;0.00;0.00;0.00;36.20
1752;5943.12;2328.44;3403.88;5061.89;6561.14;7896.57;63.00
1754;6765.84;3282.88;3624.25;5870.43;7439.93;8587.27;71.60
1756;5819.99;4864.82;0.00;0.00;0.00;0.00;48.20
1757;5917.22;4971.15;7595.21;0.00;0.00;0.00;18.20
1758;4587.57;4561.60;0.00;0.00;0.00;0.00;0.00
1759;7282.37;3643.69;4663.05;5833.00;7931.52;9370.95;64.30
1760;4587.57;4561.60;0.00;0.00;0.00;0.00;0.00
1761;7198.05;5867.14;0.00;0.00;0.00;0.00;47.70
1762;5187.47;4278.03;5246.23;0.00;0.00;0.00;17.40
1763;6517.56;3416.09;4676.38;6177.92;7687.98;0.00;60.30
1764;5187.47;4278.03;5246.23;0.00;0.00;0.00;17.40
1765;6908.17;3143.31;5284.45;7153.03;8774.91;0.00;62.30
1766;5187.47;4278.03;5246.23;0.00;0.00;0.00;17.40
1767;4821.93;2918.87;3279.26;3874.88;4996.57;6576.54;60.20
1768;5187.47;4278.03;5246.23;0.00;0.00;0.00;17.40
1769;7155.62;3296.99;4182.19;5412.18;7128.07;9021.51;79.20
1770;5187.47;4278.03;5246.23;0.00;0.00;0.00;17.40
1771;4551.26;4258.05;0.00;0.00;0.00;0.00;35.30
1772;5187.47;4278.03;5246.23;0.00;0.00;0.00;17.40
1773;5187.47;4278.03;5246.23;0.00;0.00;0.00;17.40
1774;7960.27;3711.01;5452.47;7303.81;9076.69;10107.69;61.90
1775;5187.47;4278.03;5246.23;0.00;0.00;0.00;17.40
1776;6137.41;4259.99;4834.34;5385.71;6827.80;7211.09;38.10
1777;5631.43;4799.36;0.00;0.00;0.00;0.00;0.00
1778;9947.05;8225.73;8690.16;9314.94;15504.21;10938.93;27.30
1779;5631.43;4799.36;0.00;0.00;0.00;0.00;0.00
1780;5695.24;3896.40;4850.38;5929.51;6370.35;7770.63;62.50
1781;5631.43;4799.36;0.00;0.00;0.00;0.00;0.00
1783;5631.43;4799.36;0.00;0.00;0.00;0.00;0.00
1784;5568.34;3323.86;3941.84;4870.01;5976.91;7298.60;65.30
1785;5631.43;4799.36;0.00;0.00;0.00;0.00;0.00
1786;5568.34;3323.86;3941.84;4870.01;5976.91;7298.60;65.30
1788;5821.49;2993.35;3438.88;4513.70;6230.22;7207.16;59.50
1790;7743.76;3659.34;4605.35;5984.06;7918.45;9996.33;71.00
1791;4941.12;1710.48;2957.29;4617.19;5556.18;6567.54;51.20
1792;6142.45;3381.51;4413.96;5390.39;6549.01;8045.78;68.10
1793;2789.03;2399.68;2315.81;3019.08;2718.44;3536.32;81.80
1797;6437.15;4500.35;3997.78;4880.85;6492.15;7676.24;69.60
1801;9878.36;5927.44;8438.78;10231.84;10360.30;14382.05;46.90
1803;9233.06;7749.43;6881.30;9677.00;0.00;0.00;66.70
1805;10015.37;6550.87;7261.10;8418.06;11501.96;12983.82;58.10
1806;4089.27;2475.03;2406.82;3476.84;4325.17;5025.54;57.70
1807;5813.90;3475.46;4851.10;0.00;0.00;0.00;44.40
1810;5471.59;5263.82;0.00;0.00;0.00;0.00;0.00
1811;7375.74;3668.94;5396.89;6513.72;7797.41;9786.65;47.10
1813;9007.47;4100.36;5704.34;7296.35;9310.45;13714.63;53.00
1815;7562.45;3342.86;4634.08;5303.11;7920.80;9979.21;50.70
1817;8509.23;4210.71;5091.46;7274.77;10067.14;11048.22;45.80
1821;6142.45;3381.51;4413.96;5390.39;6549.01;8045.78;68.10
1822;5486.25;4037.09;5356.07;6138.67;0.00;0.00;25.00
1823;5568.34;3323.86;3941.84;4870.01;5976.91;7298.60;65.30
1824;3979.82;3304.66;3722.24;3793.82;4529.15;5646.07;0.00
1825;7960.27;3711.01;5452.47;7303.81;9076.69;10107.69;61.90
1826;5144.06;0.00;4022.85;4729.28;4844.08;5813.88;70.00
1827;8675.56;5589.61;6921.79;7742.32;9092.62;11396.50;46.70
1828;4123.94;3075.94;3298.50;3731.04;5036.97;5448.88;53.80
1829;9290.67;4602.38;4943.92;7330.28;10072.74;12528.80;71.90
1830;3694.29;2191.06;2643.34;3232.92;3880.78;4600.80;67.70
1831;7059.72;1712.80;4366.84;5212.82;7519.12;8515.41;70.80
1832;3694.29;2191.06;2643.34;3232.92;3880.78;4600.80;67.70
1834;3694.29;2191.06;2643.34;3232.92;3880.78;4600.80;67.70
1835;7359.64;4130.45;5310.19;5965.56;7822.75;9770.74;38.90
1836;3694.29;2191.06;2643.34;3232.92;3880.78;4600.80;67.70
1837;3789.29;999.86;2173.89;2453.70;3627.10;5129.60;76.90
1839;3789.29;999.86;2173.89;2453.70;3627.10;5129.60;76.90
1841;6970.71;2570.79;3864.21;5051.80;7315.36;8214.78;82.20
1843;8675.56;5589.61;6921.79;7742.32;9092.62;11396.50;46.70
1845;7375.74;3668.94;5396.89;6513.72;7797.41;9786.65;47.10
1848;3110.21;2929.62;0.00;0.00;0.00;0.00;0.00
1849;11173.74;10344.38;0.00;0.00;0.00;0.00;29.40
1851;9310.10;4662.35;5853.34;7810.65;10300.20;13233.20;57.80
1852;3289.05;2107.55;2265.17;2811.06;3913.27;3628.93;33.30
1853;9780.73;7314.99;9586.72;10807.55;11577.51;12208.12;14.30
1854;4296.11;3051.48;3674.66;4427.32;4179.43;5511.20;31.80
1855;8342.95;5581.81;6913.32;8195.01;9833.46;13556.77;36.50
1857;7059.72;1712.80;4366.84;5212.82;7519.12;8515.41;70.80
1860;5025.71;4423.12;5544.45;0.00;0.00;0.00;7.10
1863;10265.97;5800.76;6936.45;8944.67;10592.69;14430.05;55.20
1865;9856.16;5125.17;5924.97;7292.07;10276.97;13116.66;55.80
1866;3922.24;1551.95;1546.36;2651.24;3764.38;5327.05;81.20
1868;3909.36;3915.74;0.00;0.00;0.00;0.00;0.00
1869;7974.74;7482.31;0.00;0.00;0.00;0.00;7.10
1870;4594.32;3649.13;4791.71;5448.98;0.00;0.00;43.80
1871;7338.51;4300.99;4902.23;6091.70;7769.58;9471.40;57.10
1872;7588.92;7247.28;0.00;0.00;0.00;0.00;0.00
1873;12907.10;9331.92;11939.59;14195.30;17572.07;21344.53;5.90
1875;7845.33;4129.01;4679.91;6144.78;8526.52;9507.16;66.70
1877;8332.52;3461.24;5992.27;8750.25;10603.19;11166.60;37.50
1878;4092.79;3757.06;0.00;0.00;0.00;0.00;0.00
1879;6319.75;5119.00;5326.70;5678.94;7211.36;8483.38;15.40
1880;6010.96;5338.58;6251.98;0.00;0.00;0.00;33.30
1881;8342.95;5581.81;6913.32;8195.01;9833.46;13556.77;36.50
1882;4047.85;2808.07;4128.40;5269.02;0.00;0.00;55.00
1883;6382.36;2802.92;3810.61;5049.56;6473.29;7933.14;73.30
1887;7998.39;4062.46;4816.85;6551.59;8625.10;10987.05;35.70
1889;9062.55;4626.88;6080.57;7842.28;9900.19;11885.61;40.00
1890;3297.64;2063.34;2395.21;3592.28;0.00;0.00;24.40
1892;5084.73;3327.25;4964.92;6008.68;0.00;0.00;0.00
1893;9062.55;4626.88;6080.57;7842.28;9900.19;11885.61;40.00
1894;3085.43;2151.30;2347.76;3161.37;0.00;0.00;70.60
1895;7246.89;5237.91;6434.45;7785.58;8758.73;0.00;71.90
1896;8399.16;5618.05;6156.40;7792.92;9647.59;12035.01;10.50
1897;6092.05;4014.32;4876.91;6401.51;7597.03;0.00;90.90
1898;7966.32;4784.24;6487.33;6571.01;7929.87;9622.92;23.10
1899;10735.53;5592.42;8399.80;14331.97;0.00;0.00;0.00
1900;7233.78;3259.00;4446.49;6038.60;8067.16;9954.85;66.30
1903;4035.37;3190.18;3679.25;4209.60;0.00;0.00;61.10
1904;3412.81;1499.87;1341.57;2387.97;3274.97;4198.17;80.80
1905;3830.23;0.00;1986.17;3328.62;4211.90;0.00;83.30
1906;4884.34;4043.35;4543.80;5247.74;5921.19;6526.20;42.00
1908;3785.94;4262.43;0.00;0.00;0.00;0.00;53.30
1910;5719.97;4277.71;5345.72;5706.44;6581.69;7568.28;22.20
1911;4254.96;2469.89;2986.26;3594.13;4190.10;5405.69;63.80
1912;5682.88;2824.03;3685.18;4654.15;5661.33;7035.59;71.40
1914;4654.03;3885.19;3740.36;4627.11;5455.29;6447.97;8.00
1915;3480.08;1607.77;2161.90;1925.45;2431.32;3993.83;80.00
1918;3665.82;2635.86;3034.61;3380.47;3747.03;4708.84;37.50
1919;4558.97;2802.65;3219.58;4317.34;5148.26;0.00;38.80
1920;3674.22;2840.32;3354.72;3788.65;4315.93;4846.14;52.00
1921;7424.83;5552.64;0.00;0.00;0.00;0.00;33.30
1922;4270.59;1516.48;2764.27;3919.40;4936.95;0.00;63.60
1924;5705.52;4296.34;4616.80;4942.89;6085.44;7779.26;35.30
1926;3648.19;1980.00;2281.60;2934.69;3664.20;4433.36;58.10
1931;4937.94;2109.26;3441.83;4346.30;5321.30;6003.87;58.20
1932;6367.46;4066.36;5446.69;6248.20;9149.68;0.00;16.70
1933;3310.28;2641.63;2902.22;3254.08;0.00;0.00;16.70
1934;3550.18;1534.97;2404.13;2969.40;3869.97;4511.00;42.90
1935;4296.45;2844.16;3410.51;3668.47;4456.69;6063.28;50.00
1936;3653.27;1922.90;1752.38;2619.33;3488.94;4657.48;80.60
1937;3865.23;3365.64;3837.85;0.00;0.00;0.00;28.60
1938;6391.82;2287.81;3356.78;4399.58;5813.15;7350.02;30.40
1940;3865.23;2108.35;3121.09;3405.80;4118.42;4685.49;52.70
1942;5608.01;4677.76;5266.33;5556.73;5462.79;6977.88;14.30
1944;6843.28;4719.81;5318.27;6263.18;7791.30;9073.72;50.00
1945;3964.88;1500.68;1156.72;3393.01;3853.85;5105.71;80.00
1946;7129.73;3850.67;5910.05;7879.91;9019.93;0.00;58.80
1948;3621.24;2721.50;3759.92;0.00;0.00;0.00;50.00
1949;2379.42;2196.40;2385.81;0.00;0.00;0.00;40.90
1950;6034.56;2628.96;4682.57;6494.46;7523.29;0.00;57.90
1951;2498.53;3225.10;0.00;0.00;0.00;0.00;0.00
1952;6005.28;4719.54;5069.60;5269.66;6401.49;7701.17;24.50
1953;3904.87;2924.99;4064.00;0.00;0.00;0.00;46.20
1955;4275.31;2476.21;3199.37;3330.86;4680.14;5513.72;47.80
1956;4931.75;2781.49;3741.85;4861.61;0.00;0.00;88.00
1957;4633.34;2339.57;3550.20;3967.57;4696.84;5763.95;60.50
1958;4916.43;3498.55;3868.29;4672.03;5212.26;7077.59;63.00
1959;5208.42;2984.85;4514.58;4734.51;6403.98;0.00;68.80
1960;3640.56;2395.45;3310.25;4465.36;0.00;0.00;52.30
1961;3825.77;2983.30;4648.58;0.00;0.00;0.00;39.80
1962;4146.57;2361.90;3353.37;4279.73;4487.27;5088.61;30.20
1963;4296.45;2844.16;3410.51;3668.47;4456.69;6063.28;50.00
1964;3906.87;1729.19;2090.85;2826.73;3991.50;4731.18;82.90
1966;4171.06;2067.10;2587.45;3240.54;3829.76;5184.57;73.50
1968;4514.16;1900.95;2215.49;3667.26;4927.53;5717.42;86.70
1969;6385.86;2483.85;3466.72;5225.19;6227.42;7724.86;78.60
1970;4243.58;1777.62;2625.29;3317.23;4444.55;5368.06;88.00
1971;3691.84;1730.16;2562.46;3241.98;4130.21;4475.45;63.20
1974;3946.24;1801.97;2601.38;3869.21;4082.28;4959.03;42.90
1975;7150.88;3279.95;4471.27;5628.86;7270.21;9108.11;72.70
1977;4519.83;2079.98;3074.13;4047.50;4927.08;5883.30;47.40
1978;7739.48;4436.52;5393.53;6131.25;7452.15;9868.14;33.30
1979;3753.73;2056.04;2318.69;3147.18;3817.50;5009.15;62.30
1980;2946.11;1624.63;1220.04;1882.88;2886.96;3512.88;48.40
1983;8722.48;3356.31;4352.28;7025.97;9856.27;11823.14;46.20
1984;5423.52;3304.02;4287.87;5252.35;5675.11;6445.33;30.80
1985;4090.57;1706.29;2812.42;3656.87;4775.52;4763.18;35.70
1986;7174.50;3603.69;4240.99;5785.10;7618.24;9185.97;61.90
1987;6711.15;4804.91;5937.77;7286.03;8512.83;8773.58;0.00
1988;7997.56;5330.16;6385.07;7622.62;10288.21;10913.67;46.20
1989;4670.56;3286.57;3851.39;4383.14;4639.41;5372.38;20.00
1990;3873.62;1769.78;2180.57;2748.10;4121.25;5449.27;58.00
1991;6807.28;1985.38;3688.63;5059.42;6466.53;7915.40;89.70
1996;3960.75;1831.02;2356.27;3033.35;3859.65;5034.12;76.80
1997;4213.34;1689.24;2415.32;3664.91;4417.41;5457.63;75.00
1999;3398.22;1601.01;3206.87;3118.74;0.00;0.00;78.60
2001;6011.03;3325.50;3782.07;5270.11;6936.76;8006.52;86.40
2003;3871.54;2193.54;2973.10;3229.80;3994.54;5156.58;55.20
2004;7681.05;5821.61;7355.35;9862.83;0.00;0.00;41.20
2005;5165.99;0.00;0.00;4305.70;5309.75;5233.59;68.80
2011;5389.48;2268.16;2992.96;4666.14;5318.70;6389.79;80.30
2013;9331.45;5278.00;6819.91;8834.86;10543.34;13133.22;40.00
2014;7395.83;6305.48;0.00;0.00;0.00;0.00;0.00
2015;4558.46;1844.44;2797.10;4078.17;4509.24;5833.63;74.10
2023;6394.47;1681.44;2287.13;4684.60;6579.47;8835.68;92.70
2025;4123.90;1809.86;2459.86;3380.40;4098.30;4968.71;86.50
2026;3189.95;802.66;2249.79;2227.43;3237.11;3454.00;84.00
2028;6044.00;2201.95;3882.57;4503.40;6269.34;7558.10;70.60
2029;4454.03;2073.80;2394.06;3773.55;4500.24;5382.73;85.20
2032;5296.35;2455.82;2856.59;4473.42;5516.03;6345.91;82.90
2034;3427.16;1326.43;1747.09;2697.39;3670.39;3794.97;96.50
2037;5238.27;2212.73;3374.04;4459.35;5664.34;6911.17;79.20
2039;4162.40;3071.05;3608.84;4156.47;4387.67;5394.66;50.00
2041;4475.12;1740.29;2669.19;3712.65;4781.90;6761.18;69.60
2043;7652.86;3172.17;3657.05;4798.14;8237.17;11095.65;78.20
2045;6278.74;5054.56;4947.25;5990.39;6899.60;8078.72;24.60
2046;6284.71;4200.54;4742.41;5854.57;7159.68;7787.49;52.60
2047;5788.07;4403.16;4783.76;5295.68;5975.23;7626.98;26.30
2049;4923.85;1846.48;2720.30;3434.04;5192.00;6973.41;74.40
2051;5812.28;4417.30;4621.42;5589.19;6574.49;7471.31;19.70
2052;4622.59;1901.93;2067.88;3411.98;4770.22;6044.80;90.40
2054;4355.67;1944.57;2501.23;3593.80;4138.43;5681.42;92.90
2056;5310.21;2478.21;2596.97;3737.48;5079.16;6693.16;95.50
2057;4914.12;4660.48;5079.38;0.00;0.00;0.00;42.00
2058;4509.73;2196.13;2209.65;3392.14;4643.31;5487.04;93.00
2059;0.00;0.00;0.00;0.00;0.00;0.00;29.40
2060;7363.71;2899.09;4424.50;6849.24;9008.15;10121.69;58.20
2061;4824.03;4619.40;5086.06;0.00;0.00;0.00;38.10
2062;5939.11;3065.60;3585.85;5130.80;6722.13;8476.69;60.40
2063;4587.57;4561.60;0.00;0.00;0.00;0.00;0.00
2064;5867.38;3272.68;4190.67;4935.03;6306.59;7402.76;67.40
2065;5187.47;4278.03;5246.23;0.00;0.00;0.00;17.40
2066;4752.68;2767.04;2968.15;4095.76;5081.97;6427.52;52.60
2067;5187.47;4278.03;5246.23;0.00;0.00;0.00;17.40
2068;7342.92;4031.36;5116.85;7001.52;8828.30;10289.57;44.20
2069;5631.43;4799.36;0.00;0.00;0.00;0.00;0.00
2070;5328.35;6003.93;0.00;0.00;0.00;0.00;61.50
2071;5631.43;4799.36;0.00;0.00;0.00;0.00;0.00
2073;3427.12;1914.25;2186.56;2526.55;3590.95;4403.03;81.00
2074;4930.13;2202.44;2721.81;3572.60;4783.72;6279.23;89.50
2075;4162.21;3420.62;3542.45;4402.38;4326.21;0.00;50.00
2076;6278.74;5054.56;4947.25;5990.39;6899.60;8078.72;24.60
2077;3812.34;2938.36;3114.26;3744.03;4392.48;5079.83;37.50
2078;5812.28;4417.30;4621.42;5589.19;6574.49;7471.31;19.70
2079;3812.34;2938.36;3114.26;3744.03;4392.48;5079.83;37.50
2080;3855.64;2657.09;3376.95;3658.05;3972.06;4793.91;57.10
2081;3812.34;2938.36;3114.26;3744.03;4392.48;5079.83;37.50
2082;3931.70;2624.31;2939.25;3580.51;4257.12;4805.39;57.10
2083;3812.34;2938.36;3114.26;3744.03;4392.48;5079.83;37.50
2084;4485.97;2099.69;2456.97;3399.75;4590.32;5703.31;69.80
2085;3427.12;1914.25;2186.56;2526.55;3590.95;4403.03;81.00
2086;5035.87;2647.62;3406.25;3786.86;5664.44;6916.49;30.40
2087;5009.53;4207.86;5394.00;0.00;0.00;0.00;52.30
2088;5009.53;4207.86;5394.00;0.00;0.00;0.00;52.30
2089;3524.53;1572.94;2105.44;2662.66;3804.45;4379.50;92.10
2090;5009.53;4207.86;5394.00;0.00;0.00;0.00;52.30
2091;5568.67;3275.64;3939.89;5041.97;5937.11;7334.13;67.80
2092;5009.53;4207.86;5394.00;0.00;0.00;0.00;52.30
2093;3694.29;2191.06;2643.34;3232.92;3880.78;4600.80;67.70
2094;4518.73;2397.35;2707.30;3627.77;4685.04;5957.37;60.40
2095;4850.10;2728.78;3173.51;4171.96;5172.34;6101.50;77.50
2096;4006.99;2818.97;2474.38;3342.46;4412.14;4818.60;64.00
2098;8760.30;6148.37;6913.42;8799.15;10630.51;11450.29;18.50
2099;4162.21;3420.62;3542.45;4402.38;4326.21;0.00;50.00
2100;5631.43;4799.36;0.00;0.00;0.00;0.00;0.00
2101;6395.36;3150.45;4678.46;5202.11;7144.28;9127.43;52.60
2102;5631.43;4799.36;0.00;0.00;0.00;0.00;0.00
2103;6803.09;3955.41;4612.72;5978.68;7247.94;9374.51;42.70
2104;4906.28;2286.85;3189.83;4196.09;5122.37;6308.16;70.30
2105;5068.04;2901.23;5250.95;5678.64;5085.62;0.00;33.30
2107;6244.47;3530.82;4129.11;5497.27;7764.05;8334.13;50.00
2109;4390.28;2747.86;3413.79;4116.35;5044.84;5428.28;44.40
2110;3933.52;2687.23;3209.10;3759.47;4678.39;5338.77;31.20
2111;4799.96;3839.28;4029.81;4522.14;5502.52;6179.97;37.00
2113;4375.76;2206.90;2704.61;3462.12;4039.90;5376.77;44.10
2114;4317.68;3031.67;4546.11;0.00;0.00;0.00;45.50
2115;6161.73;5435.96;5470.34;5895.35;6886.12;7722.18;23.10
2116;4148.91;2396.59;2955.66;3438.91;4703.59;5998.81;29.20
2118;3798.93;2873.10;4589.96;4697.75;0.00;0.00;30.80
2119;5271.59;3727.02;5615.51;0.00;0.00;0.00;60.00
2121;5193.56;3702.13;4509.97;5198.45;6300.93;7340.56;0.00
2123;7151.68;5826.70;6061.82;6641.66;7693.15;9124.04;21.70
2125;4665.95;2873.57;3222.22;4604.67;5876.11;5836.67;32.00
2127;5260.84;4391.04;0.00;0.00;0.00;0.00;0.00
2128;3696.15;1448.52;1712.91;2631.87;3824.87;4749.60;86.40
2129;3307.07;1444.31;1895.36;2636.88;3344.26;4377.69;57.10
2131;4107.74;1764.12;1901.10;2968.43;4316.39;5810.48;78.10
2133;4891.78;2408.49;2996.58;4025.43;4906.71;6009.42;79.30
2135;4977.12;2323.89;3266.33;4061.44;5445.64;6182.95;89.70
2139;5327.76;2753.62;3521.94;4275.91;5552.24;6845.61;71.90
2140;4224.90;2723.25;3355.55;3919.18;4763.03;6002.26;54.40
2142;4809.36;2714.60;4153.66;0.00;0.00;0.00;72.40
2145;6277.47;2687.38;4104.10;5451.70;7465.57;0.00;68.50
2147;5327.76;2753.62;3521.94;4275.91;5552.24;6845.61;71.90
2149;3932.78;1785.52;2310.23;3156.50;4266.38;5212.11;73.80
2150;3799.69;2466.70;3412.77;4232.77;0.00;0.00;52.60
2152;9958.82;2961.18;4910.27;11503.60;12241.09;14253.03;0.00
2153;4747.93;2625.61;3072.10;3985.52;4993.89;5568.71;61.90
2154;7159.96;3874.85;6651.73;6446.03;7670.98;9171.11;86.40
2156;3893.15;2064.24;0.00;4499.52;4199.30;4229.18;60.00
2157;5369.38;3385.69;3352.56;4727.39;7885.95;0.00;6.70
2158;6562.10;4535.38;5286.54;6364.62;7425.46;8717.23;20.00
2160;4276.89;4086.62;0.00;0.00;0.00;0.00;3.80
2163;7733.42;7404.85;0.00;0.00;0.00;0.00;16.30
2166;5374.81;3147.35;3681.11;4737.33;5933.62;7012.66;56.80
2167;8058.56;4361.37;5325.36;6755.73;8913.23;10387.92;47.80
2169;8472.90;6539.95;7538.60;8953.68;9785.47;10932.32;19.20
2171;9807.66;8033.35;9857.54;11118.98;11538.72;12438.68;10.00
2173;5534.63;2889.09;4086.85;5334.36;6152.18;7255.01;53.50
2174;10924.26;5450.71;8479.17;14520.25;0.00;0.00;0.00
2176;7226.28;3606.38;4403.37;5166.30;7607.72;8752.72;76.90
2178;3530.60;2996.70;3123.45;4274.11;3540.41;0.00;40.00
2179;5990.27;2339.88;4225.05;5136.08;6770.46;6460.81;75.00
2180;3466.53;2762.50;3215.30;3058.53;3496.54;4324.56;43.90
2181;8211.63;7476.21;0.00;0.00;0.00;0.00;17.50
2183;6587.10;2699.48;4142.89;6524.13;8587.06;0.00;85.00
2186;5121.47;3002.68;0.00;0.00;0.00;0.00;53.80
2189;6349.54;3475.17;4666.17;5701.42;6911.26;8275.94;65.80
2190;4483.39;2332.12;3222.01;4157.93;5384.46;6411.91;0.00
2192;7646.64;4584.12;5392.15;6466.54;8243.85;10284.46;55.60
2194;4962.59;3204.50;3865.40;4025.42;4689.20;6229.63;77.30
2201;4145.68;2227.01;3246.90;4484.87;4687.39;0.00;45.50
2202;3918.92;2165.41;2470.06;2934.10;4480.42;5123.88;61.10
2203;3720.31;1764.04;1689.66;2440.92;3082.95;4003.41;67.20
2205;4521.82;2123.71;2831.93;3600.30;4931.44;6055.91;48.30
2206;6879.20;3371.08;5573.60;5560.51;6591.48;7624.37;48.80
2207;4161.33;2080.48;2780.67;3856.06;4433.33;4791.00;70.00
2208;4799.81;3411.44;3579.15;3934.09;4490.98;5859.84;38.50
2209;6202.36;5442.34;7168.52;0.00;0.00;0.00;32.00
2210;4902.24;3990.33;4276.64;4758.88;5713.13;6955.55;18.20
2212;6499.28;4055.19;5175.11;5816.16;7276.40;9081.09;67.40
2214;3557.81;1782.17;2207.79;2715.92;3490.41;4140.58;87.20
2216;4448.72;2238.86;2768.70;3597.93;4518.13;5320.80;89.30
2218;6238.32;4901.34;5375.17;5416.73;6559.01;8028.68;38.70
2220;6428.81;3146.09;4792.22;5375.82;6965.27;8894.46;64.30
2221;7155.62;3296.99;4182.19;5412.18;7128.07;9021.51;79.20
2224;4383.20;2083.94;2115.71;3673.20;4470.33;5002.70;74.40
2225;4489.34;2155.29;2430.08;3646.88;4575.01;5355.77;68.70
2226;6487.77;3302.47;3902.93;5417.38;6733.21;8287.41;69.90
2227;3987.06;1807.25;1919.89;2930.64;4412.20;5339.37;73.20
2230;4889.36;3771.45;4339.30;4519.12;5315.47;5939.75;10.30
2232;5721.50;1839.79;2712.29;4250.00;5371.46;7488.53;82.10
2234;6870.29;4161.00;6316.23;0.00;0.00;0.00;60.00
2236;4100.84;1890.10;2067.48;3187.30;4229.83;5038.24;64.10
2237;3345.59;963.03;1815.44;2426.34;3830.35;4266.04;71.20
2238;4023.90;1717.46;2318.02;3252.86;4058.67;4931.75;59.00
2239;3103.85;1605.71;1877.47;2447.49;3618.65;4333.43;29.00
2240;4539.29;2587.77;3211.47;3883.36;4354.78;5660.55;66.70
2241;3268.56;1759.47;2122.01;2617.68;3412.35;4257.83;69.40
2242;4226.41;2382.57;2804.97;3178.24;4435.86;5625.03;51.90
2244;5357.21;2571.87;2844.96;3870.78;4996.40;6367.59;82.60
2246;4175.35;1872.90;2546.44;3395.74;4279.32;5725.73;73.50
2248;4330.93;3322.94;4409.66;0.00;0.00;0.00;38.50
2249;3157.60;1859.53;1872.81;3686.45;3887.35;0.00;70.00
2250;4364.71;1849.60;3169.80;3341.31;4644.09;5470.46;52.60
2252;3538.38;1881.64;2446.95;3446.37;4238.92;5262.29;37.80
2253;6276.63;4344.29;5549.95;7337.39;9014.91;9229.07;30.00
2256;9318.37;9018.93;0.00;0.00;0.00;0.00;37.20
2259;4599.01;3452.68;3910.12;4291.40;5208.51;5749.97;25.40
2260;6035.72;3843.31;5268.26;6923.73;0.00;0.00;36.40
2261;5584.13;2940.73;3906.44;4283.10;5584.47;7594.06;56.70
2262;4414.41;2236.30;3097.33;3756.87;4319.57;5190.30;73.30
2264;5156.32;3591.12;4114.11;5026.55;5452.92;6608.08;0.00
2265;5801.45;2916.49;3632.74;5340.08;5922.39;6662.49;27.30
2266;4364.31;2697.07;3195.07;3743.37;4787.18;5430.10;62.50
2267;4592.58;2397.29;3278.59;3823.75;4692.86;5515.19;57.90
2269;5527.60;0.00;2681.36;3205.84;4242.73;6677.49;75.00
2270;1896.14;1630.35;0.00;0.00;0.00;0.00;0.00
2271;5233.29;2858.44;3521.06;4216.50;5356.57;7418.84;57.70
2273;8640.09;4693.54;6521.30;8678.07;10547.32;13748.22;47.30
2275;3064.12;2840.44;0.00;0.00;0.00;0.00;63.60
2276;4521.21;2865.94;3269.24;3792.41;4546.25;5912.12;70.80
2277;11052.50;9241.80;10053.49;10622.27;15117.10;15016.29;28.60
2278;4521.21;2865.94;3269.24;3792.41;4546.25;5912.12;70.80
2279;5784.44;2906.86;3907.76;5635.06;0.00;0.00;90.30
2280;4768.20;1945.42;2848.92;3792.08;4577.75;6286.49;69.40
2281;7124.48;3543.10;4118.38;5335.10;6913.59;8811.83;78.50
2282;4768.20;1945.42;2848.92;3792.08;4577.75;6286.49;69.40
2283;9003.16;3686.35;5723.76;7031.44;8650.39;12741.06;48.50
2285;4972.53;2142.58;2439.85;4281.83;5153.24;6595.98;71.40
2286;5147.40;2394.51;2785.75;3947.58;5512.39;6421.32;72.10
2287;6296.91;2403.72;3443.20;5152.34;6114.47;7825.59;74.20
2288;5147.40;2394.51;2785.75;3947.58;5512.39;6421.32;72.10
2289;5683.45;2681.05;2745.69;4130.42;6008.04;7409.54;83.10
2290;5147.40;2394.51;2785.75;3947.58;5512.39;6421.32;72.10
2291;4897.53;2209.86;2952.79;4344.08;5433.64;7066.11;43.50
2292;5147.40;2394.51;2785.75;3947.58;5512.39;6421.32;72.10
2293;6023.36;4821.74;5166.08;5258.90;6239.45;7707.52;0.00
2294;5147.40;2394.51;2785.75;3947.58;5512.39;6421.32;72.10
2295;5147.40;2394.51;2785.75;3947.58;5512.39;6421.32;72.10
2296;4603.93;4505.23;0.00;0.00;0.00;0.00;48.40
2297;5147.40;2394.51;2785.75;3947.58;5512.39;6421.32;72.10
2299;5147.40;2394.51;2785.75;3947.58;5512.39;6421.32;72.10
2301;5147.40;2394.51;2785.75;3947.58;5512.39;6421.32;72.10
2302;3353.05;2665.92;2183.25;3277.82;3937.87;3876.32;53.30
2303;5789.43;3510.67;4666.02;5587.40;6790.99;7268.92;60.00
2304;3113.22;1014.95;1848.16;2181.95;3623.04;4168.37;78.30
2305;5789.43;3510.67;4666.02;5587.40;6790.99;7268.92;60.00
2306;8640.09;4693.54;6521.30;8678.07;10547.32;13748.22;47.30
2307;5789.43;3510.67;4666.02;5587.40;6790.99;7268.92;60.00
2308;5415.71;2135.74;3303.82;3951.19;5348.13;6987.72;82.90
2309;5789.43;3510.67;4666.02;5587.40;6790.99;7268.92;60.00
2311;5789.43;3510.67;4666.02;5587.40;6790.99;7268.92;60.00
2312;4730.79;1074.73;2405.99;3823.52;5043.17;6233.33;81.10
2313;5789.43;3510.67;4666.02;5587.40;6790.99;7268.92;60.00
2314;5074.90;1986.39;2946.33;4203.85;5183.79;6365.23;71.40
2315;5789.43;3510.67;4666.02;5587.40;6790.99;7268.92;60.00
2316;5303.29;959.23;2595.04;3782.23;5011.36;6029.38;84.30
2317;5789.43;3510.67;4666.02;5587.40;6790.99;7268.92;60.00
2318;3491.50;1956.23;2170.94;2770.17;3318.99;4030.06;64.30
2319;5789.43;3510.67;4666.02;5587.40;6790.99;7268.92;60.00
2320;3037.14;1667.00;1394.28;2389.04;3415.84;3837.02;57.10
2321;5789.43;3510.67;4666.02;5587.40;6790.99;7268.92;60.00
2322;5166.46;2471.26;3634.31;5049.71;6380.47;6714.47;16.70
2323;5789.43;3510.67;4666.02;5587.40;6790.99;7268.92;60.00
2324;6054.91;3424.39;4300.18;5368.64;6771.96;9830.70;44.70
2325;3240.23;2593.31;3208.94;0.00;0.00;0.00;58.50
2326;3566.48;2922.28;3378.09;3224.90;3570.89;4241.14;60.00
2327;3240.23;2593.31;3208.94;0.00;0.00;0.00;58.50
2328;3998.77;3153.44;3975.99;3635.58;4045.69;5231.93;50.00
2329;3240.23;2593.31;3208.94;0.00;0.00;0.00;58.50
2330;3853.40;2213.89;2625.80;3252.64;4582.00;5422.15;53.10
2331;5147.40;2394.51;2785.75;3947.58;5512.39;6421.32;72.10
2332;3853.40;2213.89;2625.80;3252.64;4582.00;5422.15;53.10
2333;3607.17;2090.14;2653.73;3287.23;3675.05;4382.09;80.10
2334;4522.84;2700.61;3438.54;3972.02;4650.30;5782.22;64.40
2335;4615.21;1822.51;2711.13;4285.77;5388.31;0.00;55.60
2336;3425.08;2128.04;2257.51;2816.48;3311.01;4174.52;52.80
2337;8326.56;4431.41;5842.12;7983.30;9276.77;12092.33;30.30
2339;4794.57;2796.16;4072.31;4740.11;5943.24;6880.42;36.80
2341;5844.00;4307.40;4624.42;5023.64;6112.71;8106.20;29.40
2342;4398.62;2395.64;2283.91;3488.41;4461.14;6025.41;60.00
2343;3443.76;2249.33;3176.80;3166.12;3396.15;4008.33;44.00
2344;6124.59;3926.06;4907.47;6319.83;7232.91;0.00;45.10
2345;4499.82;2712.25;3180.70;3874.75;5179.00;6668.57;22.70
2347;5129.84;3269.69;4031.50;4765.56;5624.88;6731.78;41.70
2349;4020.65;2139.98;2975.25;2661.79;4380.40;5463.67;57.90
2351;3939.59;2831.01;2970.10;3386.98;4220.07;5099.02;63.20
2353;4129.60;2301.31;2815.04;4703.16;0.00;0.00;63.00
2355;3342.03;1310.95;1699.96;3169.24;3816.96;4333.25;28.60
2357;3016.64;2327.60;2966.95;2885.97;3558.70;3849.72;48.30
2360;4478.43;2172.20;2915.23;3943.70;4690.34;5175.66;34.80
2361;5916.14;3320.75;4408.02;5342.66;6723.73;7887.79;32.00
2363;3374.55;2135.74;2360.54;2765.86;3562.97;4387.25;56.60
2364;4983.49;2380.03;3244.98;4105.46;5056.30;6612.50;63.80
2365;4640.46;2644.35;3137.86;4195.60;4780.77;5712.74;76.90
2368;5360.54;2354.63;3159.96;4524.24;5558.09;6802.67;78.20
2371;4130.66;2335.01;3220.61;3691.10;4203.03;6036.54;36.40
2372;3997.78;1704.00;1756.83;3170.57;3702.74;4919.18;81.40
2373;4480.60;1938.88;2703.18;3334.03;4345.30;5440.19;22.90
2375;7629.73;6668.55;0.00;0.00;0.00;0.00;25.40
2377;8435.72;4459.97;5652.31;7299.10;9304.78;11084.66;58.80
2378;10740.09;8181.35;9251.64;9881.33;12724.27;14366.89;4.50
2379;8929.51;4401.43;6448.34;8172.71;10656.18;11052.50;69.80
2380;3709.63;2855.80;0.00;0.00;0.00;0.00;7.70
2381;9770.34;6377.03;8109.67;11379.13;0.00;0.00;62.80
2383;3893.15;2064.24;0.00;4499.52;4199.30;4229.18;60.00
2384;6077.40;5139.67;0.00;0.00;0.00;0.00;35.80
2386;10193.92;8151.73;8623.86;10001.11;11174.09;12743.27;19.00
2387;6913.46;3431.73;4507.93;5621.16;7118.47;8428.71;70.00
2388;3026.39;2261.54;0.00;0.00;0.00;0.00;2.50
2389;7851.90;5248.19;5359.14;6981.90;9209.94;9333.11;50.00
2390;4130.66;2335.01;3220.61;3691.10;4203.03;6036.54;36.40
2392;6397.87;2485.13;3811.49;5215.94;6766.53;8628.95;67.80
2393;3308.02;824.57;1992.24;2387.49;3032.18;4198.51;58.10
2394;4983.49;2380.03;3244.98;4105.46;5056.30;6612.50;63.80
2395;6913.46;3431.73;4507.93;5621.16;7118.47;8428.71;70.00
2396;3499.43;2297.74;3140.12;3232.41;3874.03;4367.22;78.90
2397;4130.66;2335.01;3220.61;3691.10;4203.03;6036.54;36.40
2398;0.00;0.00;0.00;0.00;0.00;0.00;70.00
2399;6345.50;2574.45;3993.69;5510.18;7409.33;0.00;47.40
2401;6985.30;5050.27;6086.50;6685.42;8176.73;8773.68;10.00
2403;6843.88;3444.55;4484.97;5735.10;7270.62;8731.20;66.70
2405;5538.92;3693.35;3706.19;5114.46;6749.03;7208.21;62.80
2406;3382.27;3342.31;0.00;0.00;0.00;0.00;0.00
2407;6913.46;3431.73;4507.93;5621.16;7118.47;8428.71;70.00
2409;5701.76;3829.62;4082.87;4975.68;6458.58;7461.51;31.10
2410;5196.64;4408.73;0.00;0.00;0.00;0.00;12.50
2412;4382.20;3328.38;4040.43;4475.12;5236.25;4904.70;18.20
2414;3378.08;2608.45;2647.26;2555.14;4530.60;5904.06;16.70
2417;5310.19;2379.65;2972.51;4254.49;5284.01;6549.10;77.80
2419;5358.93;3050.44;3796.29;4656.78;5491.45;7916.75;33.90
2421;6562.72;3124.97;4077.68;5362.77;7233.72;9088.42;67.00
2423;5913.82;4054.49;4220.48;4801.25;6384.45;6993.45;72.90
2424;2506.21;1544.08;1373.10;1637.26;2676.04;3353.41;46.70
2425;7255.26;3886.82;4879.94;6656.59;8417.13;10760.13;35.00
2426;4089.19;1523.59;1436.60;2945.53;4124.99;5189.29;88.90
2427;7261.63;5893.26;6747.34;7770.13;8854.77;0.00;31.40
2428;4089.19;1523.59;1436.60;2945.53;4124.99;5189.29;88.90
2429;4590.90;2468.63;3447.61;3947.73;5140.89;6249.00;53.20
2430;4089.19;1523.59;1436.60;2945.53;4124.99;5189.29;88.90
2431;4360.92;2840.02;0.00;0.00;0.00;0.00;42.90
2432;3996.98;1152.17;1334.74;2688.79;3590.20;4613.94;79.20
2433;7175.13;5251.28;5902.45;7436.15;9034.70;10272.06;30.80
2434;3996.98;1152.17;1334.74;2688.79;3590.20;4613.94;79.20
2436;4089.19;1523.59;1436.60;2945.53;4124.99;5189.29;88.90
2437;8181.74;5686.56;5924.55;7743.95;9685.30;11033.20;58.30
2440;4145.68;2227.01;3246.90;4484.87;4687.39;0.00;45.50
2441;4610.55;2513.20;2723.50;4133.36;5246.82;6488.73;69.20
2443;3518.62;1907.57;2071.05;2603.91;3184.13;4070.05;68.20
2446;6079.77;2850.51;4239.27;4884.75;6554.00;8525.18;43.10
2448;4196.27;3742.83;0.00;0.00;0.00;0.00;36.40
2452;4980.06;2853.06;3870.32;4128.21;5277.02;6372.92;57.80
2454;6380.37;3212.93;4543.84;5880.80;6628.78;8243.61;38.50
2457;6871.96;5563.61;5800.85;6828.83;8054.48;9170.16;0.00
2459;9119.12;8867.75;9161.61;0.00;0.00;0.00;0.00
2462;3690.53;1867.50;2924.99;2988.30;4061.50;5213.53;35.70
2463;3934.39;2063.78;3021.96;4135.54;4501.58;0.00;73.70
2465;3321.16;1386.05;1530.25;2914.94;3263.79;4027.57;90.90
2466;4054.68;2934.19;3923.60;4511.14;0.00;0.00;23.10
2467;3969.01;3567.17;0.00;0.00;0.00;0.00;0.00
2469;3816.68;2506.22;2759.52;3546.17;4426.05;5083.20;58.10
2470;4838.42;1695.27;2715.57;4149.32;5463.25;6779.79;86.30
2472;4717.19;4334.31;4526.66;4642.39;4967.61;5764.32;55.00
2474;6191.64;5769.20;5895.41;0.00;0.00;0.00;27.30
2476;3459.38;3040.50;3774.82;0.00;0.00;0.00;50.00
2478;3511.08;2342.22;2003.67;3029.67;3597.27;4037.60;85.90
2480;2789.36;1512.76;2371.72;3406.98;3053.53;2956.77;42.90
2482;3476.61;1782.36;2365.23;3220.22;3530.25;4661.87;31.20
2483;3805.31;2311.37;2404.88;2487.26;3709.24;5187.99;66.70
2484;3778.54;1754.40;2423.00;2923.21;4311.72;4799.35;37.90
2486;4647.52;2454.28;2622.21;3768.47;4835.54;5835.09;70.60
2488;4871.12;2071.73;3118.71;3960.05;5182.43;6554.22;51.30
2490;4330.12;2211.93;2576.10;3359.15;4324.21;5421.79;50.00
2492;4234.74;1703.79;2633.46;3787.12;4717.51;5138.19;51.50
2495;4753.77;1880.67;2930.74;4091.38;5343.15;6055.05;63.60
2497;4665.92;2543.36;3233.97;3453.85;5560.70;6118.26;50.00
2499;5938.41;3241.95;3511.37;5115.29;6881.03;8075.11;50.00
2501;5605.02;2903.49;3766.25;4678.63;5764.68;7347.44;75.90
2503;6730.81;4444.75;4188.67;5360.40;7086.56;9143.07;29.80
2504;5374.81;3147.35;3681.11;4737.33;5933.62;7012.66;56.80
2506;6171.19;4239.42;5674.94;7071.78;7866.50;9472.14;14.80
2507;10285.68;7545.73;8661.01;11863.45;14985.03;16242.94;15.00
2508;9186.56;3182.75;4544.29;6326.61;9137.57;13085.56;59.10
2510;5577.55;2606.14;3185.75;4325.96;5706.75;7286.83;72.70
2513;4916.02;2465.78;3289.40;4211.22;5409.47;6288.52;41.50
2516;3276.78;1731.53;2557.37;2502.96;2960.91;4173.83;29.60
2518;4536.23;2361.71;2775.78;3516.42;4559.06;5907.06;51.60
2519;3306.24;0.00;2211.33;0.00;0.00;0.00;0.00
2520;5069.48;2316.35;3142.21;4135.45;5024.25;6334.82;57.10
2522;3904.80;2332.73;2949.61;3111.41;3607.51;5410.27;57.10
2524;5874.94;1600.30;2931.70;4558.88;5570.03;6800.17;75.00
2526;5627.63;3155.45;5352.81;6881.07;6818.07;9312.60;78.20
2527;5103.75;2408.69;3232.16;4772.98;5918.53;6667.70;45.50
2529;6722.31;4980.75;4524.44;7009.22;7641.83;8607.72;23.80
2532;4665.92;2543.36;3233.97;3453.85;5560.70;6118.26;50.00
2534;6516.58;2770.37;3615.76;5401.83;6567.67;8285.42;72.70
2540;5165.99;0.00;0.00;4305.70;5309.75;5233.59;68.80
2542;3838.32;1580.17;2722.41;3251.28;5021.42;0.00;53.30
2548;3233.85;1697.71;1029.96;2095.64;3300.36;4570.58;56.20
2550;5165.99;0.00;0.00;4305.70;5309.75;5233.59;68.80
2552;3822.07;2001.24;2365.66;3496.39;4942.03;0.00;69.70
2553;4242.95;1506.29;1831.61;2498.47;3669.16;4871.31;70.50
2554;3218.41;1863.28;2983.65;4561.70;4467.22;0.00;61.10
2558;5619.69;3134.58;4008.22;5800.98;7378.81;0.00;33.30
2560;3916.33;1364.46;1814.68;4181.90;0.00;0.00;80.00
2562;3218.41;1863.28;2983.65;4561.70;4467.22;0.00;61.10
2563;6444.22;6662.98;0.00;0.00;0.00;0.00;0.00
2566;3672.17;1335.15;2208.53;3320.87;4841.17;0.00;69.20
2568;2788.26;1780.09;1832.59;2042.26;2972.36;3385.41;81.80
2575;3530.77;712.88;1553.62;2702.70;3655.64;4659.02;47.10
2577;3398.22;1601.01;3206.87;3118.74;0.00;0.00;78.60
2579;2678.31;2306.69;2112.68;2311.73;3153.09;3880.16;64.30
2585;3436.39;1825.63;2086.45;3167.92;3990.67;4534.21;69.20
2587;3123.95;2300.82;2108.61;2865.77;3385.92;3910.08;58.80
2589;4389.33;1671.03;1699.95;3239.55;4367.83;5598.05;66.70
2591;4389.33;1671.03;1699.95;3239.55;4367.83;5598.05;66.70
2594;5618.43;2651.20;3342.21;4757.77;6203.95;7687.12;57.10
2596;5618.43;2651.20;3342.21;4757.77;6203.95;7687.12;57.10
2600;7257.18;6374.11;0.00;0.00;0.00;0.00;0.00
2601;4242.95;1506.29;1831.61;2498.47;3669.16;4871.31;70.50
2603;3871.54;2193.54;2973.10;3229.80;3994.54;5156.58;55.20
2605;4234.70;1899.35;2279.39;3507.59;4327.18;5423.95;63.50
2607;3785.38;1763.73;2598.51;3217.29;3932.00;5083.61;70.80
2610;6803.09;3955.41;4612.72;5978.68;7247.94;9374.51;42.70
2611;4306.26;1966.98;2534.77;2835.26;4286.22;5751.33;76.20
2613;3916.25;1613.40;2276.78;3065.59;4717.39;5246.78;62.50
2616;4483.39;2332.12;3222.01;4157.93;5384.46;6411.91;0.00
2618;4385.08;3345.35;4518.35;4309.35;5141.82;0.00;80.00
2620;3434.91;2231.48;1906.59;3038.24;3596.85;4227.78;35.70
2622;4095.87;1706.62;2952.50;3233.72;4453.96;5269.68;45.80
2626;4210.25;2848.49;3035.87;4465.03;4561.75;4925.31;48.40
2628;3258.27;1909.98;2682.15;2976.17;3514.83;4397.41;0.00
2632;4126.02;1876.23;2465.53;3254.18;4075.20;5722.00;73.70
2635;5165.99;0.00;0.00;4305.70;5309.75;5233.59;68.80
2639;5637.52;2767.96;3726.34;4704.49;5701.96;7395.91;0.00
2641;5880.97;4829.34;5326.04;5482.40;6521.87;7057.93;0.00
2647;4054.26;1997.25;2547.26;3214.87;4970.07;4960.20;31.80
2649;3654.44;1678.36;2548.53;3652.12;4115.11;5538.63;59.10
2651;5501.29;2727.42;3789.55;5885.21;7332.73;0.00;45.20
2652;4279.28;2589.72;3051.02;3658.07;4447.13;4996.41;50.00
2653;3761.86;1471.28;1867.98;3197.45;4241.71;4581.75;95.00
2654;7165.98;5985.17;5678.23;7349.64;7867.39;0.00;88.60
2655;5696.81;3151.61;4284.92;5258.34;6558.02;7007.63;72.80
2657;5041.97;3064.35;4436.94;4929.41;5517.25;6261.55;83.60
2658;9290.08;2871.49;4975.29;10495.55;11256.64;12565.21;0.00
2659;4614.01;2842.94;4712.05;5082.02;0.00;0.00;0.00
2660;5114.98;2349.92;5855.36;4311.60;4665.32;5263.04;27.30
2662;3210.24;2898.52;3628.25;0.00;0.00;0.00;36.40
2664;4826.46;1359.36;1376.43;4089.39;5480.41;0.00;83.30
2666;5416.70;3390.01;4412.11;4700.93;5546.01;6531.76;56.80
2668;5262.65;2137.24;2100.45;3881.81;5428.35;6834.46;63.60
2670;6080.53;1950.88;4154.57;6390.29;8667.59;11985.08;50.00
2673;3829.37;3586.55;0.00;0.00;0.00;0.00;0.00
2674;2670.92;2488.88;0.00;0.00;0.00;0.00;0.00
2676;4071.14;3828.76;0.00;0.00;0.00;0.00;0.00
2679;2911.67;2901.96;0.00;0.00;0.00;0.00;0.00
2681;4535.74;4147.54;0.00;0.00;0.00;0.00;0.00
2685;3390.95;1933.00;2192.75;2593.06;3759.46;4611.40;53.30
2687;3702.14;2649.23;3102.35;3830.74;4663.69;5205.40;0.00
2704;4162.80;2603.82;3214.04;3390.98;4431.03;6014.18;0.00
2706;3205.19;1385.25;1865.48;2671.45;3291.04;4144.18;45.20
2711;4057.89;2993.33;3253.53;3175.09;4381.81;5599.17;0.00
2712;5788.69;4824.30;4767.34;5585.92;6519.06;7815.65;31.70
2713;3882.89;2649.03;3015.59;3772.00;4559.21;5523.18;36.40
2714;3873.62;1769.78;2180.57;2748.10;4121.25;5449.27;58.00
2715;4404.15;2558.98;3559.40;4534.76;4944.24;5732.02;52.90
2718;3915.17;1923.76;2264.76;3443.46;4475.45;5166.38;50.50
2720;4330.79;1916.30;2437.50;3542.40;4735.14;6253.09;61.30
2722;2769.16;1660.35;2834.04;3597.55;0.00;0.00;42.90
2723;3466.53;2762.50;3215.30;3058.53;3496.54;4324.56;43.90
2725;8963.28;8714.69;0.00;0.00;0.00;0.00;0.00
2742;5814.79;5602.03;0.00;0.00;0.00;0.00;0.00
2745;3189.24;3118.86;0.00;0.00;0.00;0.00;0.00
2747;3487.17;2491.95;3121.70;5041.07;4727.78;6081.89;0.00
2749;9177.22;3044.88;4813.35;10216.13;12379.25;13238.43;0.00
2751;0.00;0.00;0.00;0.00;0.00;0.00;10.00
2759;4043.68;1883.63;2580.03;3185.03;4105.91;5085.50;63.90
2765;3635.32;2376.91;2891.95;2702.35;3433.11;4438.32;50.00
2766;4173.08;2794.52;4134.14;0.00;0.00;0.00;72.70
2769;4520.72;1485.07;3792.99;4997.96;0.00;0.00;63.00
2773;4509.24;3437.93;4043.16;4264.42;4935.16;5802.69;39.20
2776;3736.25;1808.77;2025.52;2221.49;3416.10;4586.30;81.20
2777;5295.56;2778.24;3469.83;4195.60;5501.79;6881.99;60.70
2778;5405.76;1775.86;4425.84;0.00;0.00;0.00;58.80
2779;4659.95;3363.44;3475.63;3754.83;4852.67;6615.86;44.90
2781;4810.17;3273.70;3432.72;3686.11;4601.96;5787.38;69.00
2786;4468.90;4331.94;4431.98;0.00;0.00;0.00;60.00
2789;4226.99;2568.55;3062.68;5216.70;6574.15;0.00;20.00
2793;5874.59;6492.27;0.00;0.00;0.00;0.00;0.00
2794;6626.82;4831.90;6088.51;5289.11;0.00;0.00;9.10
2796;5374.81;3147.35;3681.11;4737.33;5933.62;7012.66;56.80
2798;5938.41;3241.95;3511.37;5115.29;6881.03;8075.11;50.00
2838;8074.65;4739.41;5525.78;6366.73;8674.24;10799.41;39.30
2840;8145.80;4108.86;5391.51;6640.10;8519.46;10905.75;68.40
2841;7862.49;5139.99;5853.46;7228.83;8016.71;0.00;22.20
2842;7428.81;3849.27;4848.19;6605.76;8377.22;10028.12;52.10
2844;3680.78;3497.71;0.00;0.00;0.00;0.00;0.00
2845;7028.35;6696.39;0.00;0.00;0.00;0.00;0.00
2846;4257.26;3991.67;0.00;0.00;0.00;0.00;20.00
2849;3863.75;4470.75;0.00;0.00;0.00;0.00;0.00
2850;7318.60;5693.91;8168.61;0.00;0.00;0.00;0.00
2851;3323.32;3304.31;0.00;0.00;0.00;0.00;0.00
2852;3189.24;3118.86;0.00;0.00;0.00;0.00;0.00
2853;5238.78;4647.68;0.00;0.00;0.00;0.00;10.00
2855;7258.28;3510.38;4363.01;5468.54;7826.88;9583.15;54.50
2856;6800.05;5455.23;5416.91;5776.67;7230.49;9241.28;7.10
2857;5987.03;5115.86;6620.32;0.00;0.00;0.00;30.80
2858;6202.38;3549.50;4975.66;5834.82;7612.54;10187.45;19.40
2859;5678.98;3529.37;4183.18;5398.38;5476.03;9295.60;14.80
2860;6558.72;3753.05;4608.49;5745.17;7380.03;8377.52;45.20
2861;4284.93;1801.99;1623.84;2808.38;3662.56;5547.74;62.50
2862;5368.10;4227.50;4154.92;4563.51;5239.92;7192.48;55.00
2863;4386.09;2973.30;1891.09;2787.47;4045.03;4706.51;18.20
2865;4744.68;2387.09;2784.37;4783.76;6119.44;7318.00;28.60
2867;4113.40;2292.93;2542.96;3478.31;4232.56;5382.95;58.90
2868;3237.20;1821.01;2086.58;2597.62;3540.86;3742.84;46.70
2869;3808.60;2039.04;3339.05;2491.28;4203.08;4805.92;71.40
2870;3395.57;2330.93;2395.15;3997.89;3763.24;5697.23;25.00
2872;2459.56;1807.26;0.00;0.00;0.00;0.00;67.60
2875;4742.81;2289.68;2362.09;3460.41;4536.64;6305.17;75.00
2876;4920.26;1565.29;2904.22;4220.03;4803.84;6192.56;82.60
2877;4541.21;4185.70;0.00;0.00;0.00;0.00;58.80
2878;6167.08;0.00;0.00;0.00;0.00;0.00;70.00
2879;6458.94;4205.84;5227.41;5617.41;7105.38;10372.80;8.80
2880;6913.16;4700.43;5330.37;5947.87;7480.87;9427.73;34.50
2882;6633.11;5023.48;5384.20;5832.94;6790.13;8028.47;6.20
2883;10419.43;4527.31;7322.49;9739.09;13130.30;16821.59;73.00
2884;7566.60;2762.90;4721.06;6482.16;7859.28;9649.42;84.70
2885;6390.46;2526.87;3113.05;4706.52;6067.42;7661.20;86.70
2886;6127.27;2193.01;5568.61;0.00;0.00;0.00;91.70
2888;4879.69;1748.94;2439.59;3600.95;4540.00;6018.97;87.00
2889;6031.35;3377.23;3690.39;5545.81;6001.57;7196.62;80.80
2890;7719.28;3479.89;5114.14;7227.15;8279.05;10146.32;90.00
2891;9062.29;5824.12;7405.14;8473.53;10525.37;12324.30;0.00
2892;6497.65;5842.44;0.00;0.00;0.00;0.00;78.60
2893;4353.50;1617.70;2453.80;3445.40;4223.65;5294.29;75.20
2894;5466.00;2293.42;5819.87;0.00;0.00;0.00;53.80
2895;3898.75;2733.78;0.00;0.00;0.00;0.00;55.60
2896;6934.02;1577.42;3393.68;4751.66;6017.83;8080.38;77.30
2897;6610.70;2619.78;4272.49;5272.04;6511.67;8555.31;72.20
2898;10913.44;5520.47;7638.31;9639.14;12205.22;16881.64;67.60
2899;4521.01;3360.43;0.00;0.00;0.00;0.00;72.20
2900;3453.95;3110.96;3555.58;0.00;0.00;0.00;48.10
2901;9057.20;6908.89;0.00;0.00;0.00;0.00;21.90
2902;3838.75;2138.74;0.00;0.00;0.00;0.00;75.00
2903;5447.86;1506.66;3400.98;4401.78;5621.27;6949.62;77.90
2904;6759.58;7077.59;0.00;0.00;0.00;0.00;45.50
2905;5948.20;5906.97;0.00;0.00;0.00;0.00;0.00
2906;3892.35;3113.42;0.00;0.00;0.00;0.00;60.00
2908;6086.08;2459.48;4218.67;4864.75;5929.51;7190.06;80.00
2909;7725.21;4368.33;4791.54;6720.09;7988.24;9738.38;47.20
2910;3484.42;1600.73;2208.83;2546.21;3404.17;4318.52;40.90
2911;5106.16;5360.41;0.00;0.00;0.00;0.00;38.50
2912;4276.73;1656.55;2136.43;3100.04;4303.74;5581.58;64.90
2913;10693.67;9512.02;0.00;0.00;0.00;0.00;36.10
2915;7639.66;3351.25;5775.87;6522.60;7265.21;10902.04;94.70
2916;9225.16;4611.05;6717.02;8165.69;9718.40;12500.18;51.40
2917;10419.43;4527.31;7322.49;9739.09;13130.30;16821.59;73.00
2918;5106.16;5360.41;0.00;0.00;0.00;0.00;38.50
2919;10913.44;5520.47;7638.31;9639.14;12205.22;16881.64;67.60
2920;3395.01;1334.47;2243.21;3159.86;3949.81;5783.68;75.00
2921;5587.55;0.00;2447.36;4192.48;4465.59;6146.06;90.90
2922;5468.54;2066.86;3033.41;4049.47;5482.70;7047.89;90.20
2923;5106.16;5360.41;0.00;0.00;0.00;0.00;38.50
2924;4879.69;1748.94;2439.59;3600.95;4540.00;6018.97;87.00
2926;5806.66;3424.25;3495.83;4720.90;5866.64;6964.20;88.60
2927;5876.14;2959.02;3921.45;4731.41;5531.93;7278.91;90.20
2928;7199.03;2869.04;4488.37;5704.21;7160.52;10936.68;68.50
2929;6186.71;2891.96;3755.76;4948.69;6101.18;7446.62;78.90
2931;5821.28;2438.38;3652.27;4459.47;5798.86;7407.35;58.80
2932;9062.29;5824.12;7405.14;8473.53;10525.37;12324.30;0.00
2933;10636.12;10314.09;0.00;0.00;0.00;0.00;0.00
2934;5864.85;1660.66;2454.58;4063.43;6877.64;7002.24;82.10
2935;5468.54;2066.86;3033.41;4049.47;5482.70;7047.89;90.20
2936;9143.36;4020.85;5875.77;8221.42;11715.13;12651.87;43.80
2937;6406.75;0.00;3345.62;4721.58;5715.50;7709.68;80.00
2938;7292.98;2606.98;3468.57;5347.30;7338.43;9538.11;87.70
2939;8310.44;4406.61;5081.96;6448.01;8952.42;11256.39;80.50
2940;4558.71;2441.88;2897.15;3692.30;5012.86;6236.10;78.10
2941;6086.08;2459.48;4218.67;4864.75;5929.51;7190.06;80.00
2942;4838.42;1695.27;2715.57;4149.32;5463.25;6779.79;86.30
2943;5225.26;2494.59;3235.55;3739.87;5581.80;6560.57;82.00
2944;4137.82;0.00;1756.45;2891.43;4172.04;5369.37;94.70
2945;5406.27;1537.40;2455.80;4045.78;5758.70;6846.59;91.80
2946;4601.50;2078.20;3451.69;4083.72;4727.24;6025.65;51.90
2947;4019.25;2786.77;4073.73;0.00;0.00;0.00;40.00
2948;4762.69;2251.04;3063.33;3756.17;4997.25;6060.60;69.20
2949;5468.83;5474.71;5815.41;0.00;0.00;0.00;53.60
2950;4867.09;4610.14;4396.25;0.00;0.00;0.00;57.70
2951;4448.26;4600.74;5420.22;0.00;0.00;0.00;54.80
2952;3871.57;3780.15;4412.72;0.00;0.00;0.00;46.30
2954;4762.69;2251.04;3063.33;3756.17;4997.25;6060.60;69.20
2955;3871.57;3780.15;4412.72;0.00;0.00;0.00;46.30
2957;4035.22;1785.53;3117.34;3298.56;4303.99;5037.77;91.70
2958;6797.88;6535.14;7010.85;0.00;0.00;0.00;26.70
2960;4950.46;3247.16;4040.01;4997.17;6023.59;6449.77;36.10
2961;4225.95;2022.30;2558.33;3268.46;4461.77;5493.85;62.90
2962;5876.66;4891.93;5969.98;0.00;0.00;0.00;54.50
2963;4732.45;3535.12;3729.66;5554.24;5713.36;5280.10;30.00
2965;4886.12;4338.82;5702.45;0.00;0.00;0.00;31.80
2966;4754.98;2901.06;3593.78;4070.04;5404.74;6805.36;16.70
2967;4045.65;3757.68;0.00;0.00;0.00;0.00;0.00
2968;5140.86;3504.77;5956.64;0.00;0.00;0.00;23.50
2970;6080.53;1950.88;4154.57;6390.29;8667.59;11985.08;50.00
2971;6536.86;4462.06;5510.07;7881.75;9898.59;12022.70;21.40
2972;10013.62;7060.08;7475.52;10567.34;13058.93;0.00;70.00
2973;12114.79;8186.40;8469.87;10878.57;13500.63;19892.12;47.80
2974;6905.34;2694.90;3572.49;5499.52;7473.33;9561.20;70.70
2975;4754.98;2901.06;3593.78;4070.04;5404.74;6805.36;16.70
2976;5417.47;2310.46;3094.05;3951.83;5521.09;7022.02;58.30
2977;5106.56;2070.63;2583.01;3623.81;5179.55;5965.97;72.10
2978;4943.41;1531.10;1749.09;3455.32;5096.38;6629.98;69.00
2979;4202.20;1138.95;1963.88;3402.96;4397.02;5022.54;70.00
2980;3760.74;3561.83;3452.16;2250.15;3547.52;4296.89;59.10
2981;4367.37;2247.07;2429.32;3854.56;5730.16;6571.52;50.00
2982;4390.41;0.00;1549.98;2586.46;3947.00;5436.50;63.60
2983;4232.98;1666.86;1821.04;3021.02;4450.93;5361.37;60.40
2984;4031.31;1869.88;1940.05;3112.59;4702.69;4778.29;52.20
2985;3314.00;1501.52;2096.96;2915.99;3024.16;3974.35;50.00
2986;4967.69;1357.40;2077.63;4064.08;4205.33;6147.14;18.20
2987;4478.47;2947.56;4128.76;4299.86;5612.91;0.00;40.00
2988;4331.81;2236.67;2945.39;3553.90;4636.70;5642.53;72.10
2990;4895.97;2186.12;2860.34;4109.36;5133.84;6596.97;74.30
2991;4774.92;1846.03;3111.93;3996.25;5169.65;5996.98;63.40
2992;4340.67;2409.15;2490.12;3300.00;4829.00;5511.87;60.90
2993;4754.98;2901.06;3593.78;4070.04;5404.74;6805.36;16.70
2994;4337.53;1401.34;1615.75;3029.39;4812.65;5524.94;73.20
2995;5110.75;2766.14;2604.82;3916.58;5256.40;6172.73;83.30
2996;3916.11;1865.34;2211.89;3336.42;4094.67;5169.87;40.00
2997;5527.74;3882.99;4576.96;5215.22;6037.95;7149.03;45.50
2998;4706.12;2390.67;2900.61;4478.77;5317.16;5864.68;74.40
2999;4703.74;1703.29;3129.87;3360.57;5023.97;6060.54;56.20
3000;4754.98;2901.06;3593.78;4070.04;5404.74;6805.36;16.70
3001;3822.18;2161.41;2871.89;3355.63;4221.46;5551.06;56.00
3002;4309.97;1994.77;2675.12;3734.08;4746.56;5564.18;50.00
3003;4774.92;1846.03;3111.93;3996.25;5169.65;5996.98;63.40
3004;4873.99;2623.15;3327.18;5138.41;6214.83;0.00;65.50
3005;4575.49;2730.92;3500.83;3743.19;4639.58;5877.56;59.10
3006;5083.07;2401.90;3240.61;3932.43;5227.62;6742.44;65.80
3007;4767.65;2213.55;2784.51;3705.28;5078.73;5979.86;57.40
3008;4796.88;2112.04;2814.81;3678.08;4896.60;6057.52;73.80
3009;5558.75;3657.27;4206.73;5276.64;6476.32;7261.50;55.90
3011;7000.98;3480.34;4465.72;6074.30;6861.17;9289.47;62.90
3012;7019.32;3214.78;4146.53;5599.66;7280.22;8946.57;74.80
3013;6771.59;2827.55;3145.17;5530.29;8120.80;0.00;57.10
3014;7300.27;3885.66;4952.23;6398.69;8238.07;10615.79;58.20
3015;7922.34;3963.99;5517.61;6845.07;7890.00;10319.48;68.90
3016;7300.27;3885.66;4952.23;6398.69;8238.07;10615.79;58.20
3018;8846.01;3992.63;6269.83;8647.99;10346.55;0.00;70.00
3019;4895.97;2712.24;3201.60;4289.71;4943.83;6409.17;55.30
3020;4741.51;1960.55;3343.10;3930.04;5114.85;6267.07;63.60
3021;6420.33;2680.84;3035.12;5075.57;6343.85;7531.36;88.60
3022;5938.82;2203.23;3111.69;5148.89;6582.73;7661.40;92.30
3023;5411.97;3953.22;4582.53;0.00;0.00;0.00;80.90
3024;5713.65;3079.61;3142.26;4704.65;5847.35;7181.80;88.30
3025;5258.12;1704.79;3558.67;5160.26;6855.54;0.00;72.70
3026;3563.50;1645.37;2302.55;2944.90;3664.09;4255.27;88.00
3027;2765.21;2517.67;3034.18;0.00;0.00;0.00;73.30
3028;7078.92;5221.11;5584.86;6375.20;7443.26;9125.80;49.00
3031;6945.51;2778.51;3744.11;6575.51;8897.31;0.00;57.80
3032;6076.17;4459.17;4539.77;5696.47;6881.07;7992.60;22.20
3033;6432.74;2295.76;3324.97;4969.19;6576.63;8489.86;90.00
3034;6066.57;2742.40;4298.21;5118.51;6467.15;7530.64;72.80
3035;7390.90;2947.87;4141.24;5825.31;7823.27;9495.35;68.20
3036;6100.82;2594.78;3148.57;5014.93;6658.56;7741.25;81.40
3037;6796.90;3040.98;3813.39;5445.70;7286.50;9048.97;78.60
3038;5539.54;2497.76;3303.41;4356.52;5675.27;7012.53;84.70
3039;6122.67;4320.22;3921.87;4815.14;5812.60;8537.36;36.40
3040;4842.43;2341.59;3254.04;3956.34;5025.00;6285.88;64.10
3041;5826.92;2376.91;3380.44;4811.18;6181.12;7484.40;82.00
3042;6889.61;2924.26;3675.53;5585.44;7374.22;9097.57;85.80
3043;6023.36;4821.74;5166.08;5258.90;6239.45;7707.52;0.00
3044;4599.01;3452.68;3910.12;4291.40;5208.51;5749.97;25.40
3045;5105.11;3434.11;5102.72;0.00;0.00;0.00;77.10
3046;7679.02;2782.38;4380.91;6669.89;9100.29;11220.62;69.00
3047;5542.17;2566.10;3607.05;4585.60;5863.20;7248.33;79.40
3048;5384.79;3021.80;3531.15;4341.54;5808.37;7033.78;64.70
3049;5076.63;4513.75;5318.16;0.00;0.00;0.00;42.60
3050;3563.50;1645.37;2302.55;2944.90;3664.09;4255.27;88.00
3051;7384.88;4522.99;5656.73;7694.53;9485.92;0.00;74.40
3052;6195.83;4156.31;4887.02;5920.01;6912.10;8146.82;26.80
3053;4251.53;2050.05;2673.35;4360.53;5247.98;5994.89;50.00
3054;6487.47;3044.45;4143.71;5189.57;6730.58;8615.86;81.50
3055;6901.30;5631.32;6676.62;6629.92;7231.10;0.00;60.00
3056;5440.44;3502.77;4883.60;6449.79;0.00;0.00;0.00
3057;4347.73;4845.36;4448.07;0.00;0.00;0.00;60.00
3059;5220.88;3277.45;3470.24;4450.27;5700.01;6609.68;37.70
3060;5024.08;2372.60;3228.89;4309.38;5444.53;6461.19;59.60
3061;4771.93;2188.28;3411.79;4420.51;5677.46;0.00;83.60
3062;4710.34;2181.81;2618.08;3502.86;5296.26;6092.21;56.70
3063;5275.42;2243.10;3113.03;4134.19;5386.73;6978.56;57.80
3064;5536.47;3860.08;4410.48;5658.64;6710.67;0.00;66.30
3065;5496.19;2786.60;3231.43;4557.76;5966.15;7326.22;46.00
3066;4493.34;2037.21;2425.08;3424.38;4701.60;6083.76;41.20
3067;5624.03;3911.63;4710.64;5163.16;6159.29;7197.10;41.30
3068;6922.73;4915.80;5412.46;6125.37;7660.44;8359.39;20.80
3069;4962.18;3378.88;4182.10;5084.47;6178.16;6675.65;33.00
3071;8839.65;5281.34;6701.85;9593.87;10807.60;0.00;65.70
3072;9411.29;3984.50;9451.52;9015.89;10815.37;0.00;38.50
3073;5018.24;0.00;4527.50;0.00;0.00;0.00;88.20
3074;7708.12;3940.60;4942.79;6321.08;8661.85;10075.05;63.80
3075;8675.56;5589.61;6921.79;7742.32;9092.62;11396.50;46.70
3076;3797.99;2021.88;2529.99;3006.57;3877.18;4833.37;60.90
3077;5268.19;2787.29;3637.43;4775.50;5888.13;7066.39;27.80
3078;6821.72;4188.08;5886.72;8023.05;0.00;0.00;37.50
3079;5897.24;2879.36;4158.81;4732.74;5863.47;7656.88;8.30
3080;5965.49;3689.04;4712.71;5122.29;6850.49;0.00;41.70
3083;3411.87;2322.82;3120.15;3520.78;4290.10;5084.79;0.00
3084;6487.47;3044.45;4143.71;5189.57;6730.58;8615.86;81.50
3085;6901.30;5631.32;6676.62;6629.92;7231.10;0.00;60.00
3086;6486.91;3539.49;4483.05;6748.36;9381.07;0.00;27.30
3088;6920.78;3556.62;5205.75;6813.13;7676.35;9411.59;0.00
3090;4093.50;1725.72;2117.13;2616.42;4119.12;5408.64;87.50
3091;5606.85;2188.61;2267.24;4666.93;6587.95;0.00;100.00
3092;7032.15;4868.88;5685.51;6407.99;7511.52;9012.56;0.00
3093;4136.23;1220.48;1312.79;2286.13;3692.71;5487.99;91.40
3094;2977.40;1316.25;1316.35;2522.86;3127.87;3702.30;72.60
3097;4672.26;1414.17;2104.60;4077.13;5443.60;0.00;90.30
3098;7251.63;3328.91;5514.17;7068.29;7533.96;9518.54;81.20
3099;6699.38;3419.99;4883.96;6517.56;7094.32;8316.36;96.20
3100;6169.39;3175.51;5388.91;4928.47;7007.91;8569.92;58.60
3101;4085.87;1834.23;2669.85;3787.08;4121.39;4587.60;19.00
3103;4504.47;2909.86;3549.90;4082.51;5010.45;6468.77;59.00
3104;4193.26;1927.13;2096.36;3247.51;4322.44;5489.26;59.30
3105;3597.20;1617.45;1597.78;3012.53;3695.93;4861.73;92.20
3106;7927.39;4803.45;6709.69;6946.91;8826.84;10205.36;80.90
3107;4537.12;2046.74;2658.72;3228.30;4276.85;5921.79;56.50
3108;4289.72;1882.08;2590.70;3858.00;5070.99;5874.40;64.00
3109;7000.98;3480.34;4465.72;6074.30;6861.17;9289.47;62.90
3110;7922.34;3963.99;5517.61;6845.07;7890.00;10319.48;68.90
3111;4842.43;2341.59;3254.04;3956.34;5025.00;6285.88;64.10
3112;5713.65;3079.61;3142.26;4704.65;5847.35;7181.80;88.30
3113;3353.05;2665.92;2183.25;3277.82;3937.87;3876.32;53.30
3114;4493.45;3857.95;5419.11;0.00;0.00;0.00;38.90
3115;3765.17;2135.84;2709.31;3558.96;4464.52;6097.44;64.70
3118;7590.92;2870.95;3459.90;6809.96;9486.34;10450.32;76.20
3121;5856.32;4718.48;4784.56;0.00;0.00;0.00;7.70
3122;2683.12;2466.76;1553.49;0.00;0.00;0.00;45.50
3123;2125.41;2118.24;0.00;0.00;0.00;0.00;0.00
3126;5856.32;4718.48;4784.56;0.00;0.00;0.00;7.70
3129;2973.73;3067.61;4464.65;0.00;0.00;0.00;50.00
3130;6240.59;5066.00;4502.32;4618.95;6052.87;6984.69;61.10
3132;5448.78;4711.40;6387.23;0.00;0.00;0.00;31.00
3133;6193.70;4886.70;7021.32;0.00;0.00;0.00;64.50
3134;9269.61;4517.68;5907.64;7639.83;10389.31;12449.26;61.70
3135;4664.41;2681.26;3567.22;3901.86;4733.96;6121.68;64.10
3138;7198.05;5867.14;0.00;0.00;0.00;0.00;47.70
3140;4821.93;2918.87;3279.26;3874.88;4996.57;6576.54;60.20
3141;6630.06;3133.19;3515.31;5042.00;6962.23;9224.61;65.90
3142;5439.53;4198.87;4945.80;5054.47;5315.14;6713.60;9.10
3143;10775.33;6478.37;7876.52;10045.08;12577.94;15590.10;40.00
3144;6946.97;3943.19;4898.48;5882.46;7606.63;8773.42;42.20
3145;6126.66;4370.95;4460.04;6062.32;7330.98;7466.48;42.10
3146;5731.09;1528.22;3017.80;4145.50;5618.33;6994.51;84.60
3147;9158.80;6260.54;7410.05;8509.80;10510.94;10976.84;25.00
3148;10285.68;7545.73;8661.01;11863.45;14985.03;16242.94;15.00
3149;4643.41;3464.63;3458.25;4103.88;4837.96;6828.28;25.00
